City,Code
 שדרות,6
 אבטליון,2
 אביאל,3
 אביבים,2
 אביגדור,6
 אביחיל,4
 אביטל,2
 אביעזר,1
 אבן יהודה,4
 אבן יהודה,4
 אבן יהודה,4
 אבן יהודה,4
 אבן יהודה,4
 אבן יהודה,4
 אבן יהודה,4
 אבן יהודה,4
 אבן יהודה,4
 אבן יהודה,4
 אבן יהודה,4
 אבן מנחם,2
 אבן שמואל,6
 אבן שמואל,6
 אבני איתן,2
 אבני חפץ,7
 אבני חפץ,7
 אבני חפץ,7
 אבני חפץ,7
 אבני חפץ,7
 אבני חפץ,7
 אבני חפץ,7
 אבני חפץ,7
 אדירים,2
 אדם,7
 אדם,7
 אדם,7
 אדם,7
 אדם,7
 אדרת,1
 אדרת,1
 אודים,4
 אומן,2
 אומץ,4
 קרית אונו,5
 קרית אונו,5
 קרית אונו,5
 קרית אונו,5
 קרית אונו,5
 אופקים,6
 אופקים,6
 אופקים,6
 אופקים,6
 אופקים,6
 אופקים,6
 אופקים,6
 אופקים,6
 אופקים,6
 אופקים,6
 אופקים,6
 אופקים,6
 אופקים,6
 אופקים,6
 אופקים,6
 אופקים,6
 אופקים,6
 אופקים,6
 אופקים,6
 אופקים,6
 אופקים,6
 אופקים,6
 אופקים,6
 אופקים,6
 אופקים,6
 אור יהודה,5
 אור יהודה,5
 אור יהודה,5
 אור יהודה,5
 אור יהודה,5
 אור יהודה,5
 אור יהודה,5
 אור יהודה,5
 אור יהודה,5
 אור יהודה,5
 אור יהודה,5
 אור יהודה,5
 אור יהודה,5
 אור יהודה,5
 אור יהודה,5
 אור יהודה,5
 אור יהודה,5
 בת ים,5
 אור יהודה,5
 אור יהודה,5
 אור יהודה,5
 אור יהודה,5
 אור יהודה,5
 אור יהודה,5
 אור יהודה,5
 אור יהודה,5
 אור יהודה,5
 אור עקיבא,3
 אור עקיבא,3
 אור עקיבא,3
 אור עקיבא,3
 רמת גן,5
 אור עקיבא,3
 אור עקיבא,3
 אור עקיבא,3
 אור עקיבא,3
 אור עקיבא,3
 אור עקיבא,3
 אור עקיבא,3
 אור עקיבא,3
 אור עקיבא,3
 אורנית,7
 אורנית,7
 אורנית,7
 אזור,5
 אזור,5
 אזור,5
 אזור,5
 אזור,5
 אזור,5
 אזור,5
 אזור,5
 אזור,5
 אזור,5
 אחיהוד,2
 אחיהוד,2
 אחיהוד,2
 אחיהוד,2
 אחיהוד,2
 אחיהוד,2
 אחיהוד,2
 אחיעזר,4
 אחיעזר,4
 אילת,6
 אילת,6
 אילת,6
 אילת,6
 אילת,6
 אילת,6
 אילת,6
 אילת,6
 אילת,6
 אילת,6
 אילת,6
 אילת,6
 אילת,6
 אילת,6
 אילת,6
 אילת,6
 אילת,6
 אילת,6
 אילת,6
 אילת,6
 אילת,6
 אילת,6
 אילת,6
 אילת,6
 אילת,6
 אילת,6
 אילת,6
 איתמר,7
 איתמר,7
 איתן,6
 אלון שבות,7
 אלון מורה,7
 אלון מורה,7
 אלון מורה,7
 אלון מורה,7
 אלון מורה,7
 אלון מורה,7
 אלון מורה,7
 אלון מורה,7
 אלון שבות,7
 אלון שבות,7
 אלון שבות,7
 אלון שבות,7
 אלון שבות,7
 אלוני הבשן,2
 אליכין,4
 אליכין,4
 אליכין,4
 אליכין,4
 אליקים,2
 אלישמע,4
 אלעד,4
 אלעד,4
 אלעד,4
 אלעד,4
 אלעד,4
 אלעד,4
 אלעד,4
 אלעד,4
 אלעד,4
 אלעד,4
 אלעד,4
 אלעד,4
 אלעד,4
 אלעד,4
 אלעד,4
 אלעד,4
 אלעד,4
 אלעד,4
 אלעד,4
 אלעד,4
 אלעד,4
 אלעד,4
 אלעד,4
 אלעד,4
 אלעד,4
 אלעד,4
 אלעד,4
 אלעד,4
 אלעד,4
 אלעד,4
 אלעד,4
 אלעד,4
 אלעד,4
 אלעד,4
 אלעד,4
 אלעד,4
 אלעד,4
 אלעד,4
 אלעד,4
 אלעד,4
 אלעד,4
 אלעד,4
 אלעזר,7
 אלעזר,7
 אלעזר,7
 אלעזר,7
 אלעזר,7
 אלעזר,7
 אלפי מנשה,7
 אלפי מנשה,7
 אלפי מנשה,7
 אלפי מנשה,7
 אלקוש,2
 אלקנה,7
 אלקנה,7
 אלקנה,7
 אלקנה,7
 אלקנה,7
 אלקנה,7
 אלקנה,7
 אלקנה,7
 אלקנה,7
 אלקנה,7
 אלקנה,7
 אמציה,6
 אפרת,7
 אפרת,7
 אפרת,7
 אפרת,7
 אפרת,7
 אפרת,7
 אפרת,7
 אפרת,7
 אפרת,7
 אפרת,7
 אפרת,7
 אפרת,7
 אפרת,7
 אפרת,7
 אפרת,7
 אפרת,7
 אפרת,7
 אפרת,7
 אפרת,7
 אפרת,7
 אפרת,7
 אפרת,7
 אפרת,7
 אפרת,7
 אפרת,7
 גבעתיים,5
 ארבל,2
 אריאל,7
 אריאל,7
 אריאל,7
 אריאל,7
 אריאל,7
 אריאל,7
 אריאל,7
 אריאל,7
 אריאל,7
 אריאל,7
 אשדוד,6
 אשדוד,6
 אשדוד,6
 אשדוד,6
 אשדוד,6
 אשדוד,6
 אשדוד,6
 אשדוד,6
 אשדוד,6
 אשדוד,6
 אשדוד,6
 אשדוד,6
 אשדוד,6
 אשדוד,6
 אשדוד,6
 אשדוד,6
 אשדוד,6
 אשדוד,6
 אשדוד,6
 אשדוד,6
 אשדוד,6
 אשדוד,6
 אשדוד,6
 אשדוד,6
 אשדוד,6
 אשדוד,6
 אשדוד,6
 אשדוד,6
 אשדוד,6
 אשדוד,6
 אשדוד,6
 אשדוד,6
 אשדוד,6
 אשדוד,6
 אשדוד,6
 אשדוד,6
 אשדוד,6
 אשדוד,6
 אשדוד,6
 אשדוד,6
 אשדוד,6
 אשדוד,6
 אשדוד,6
 אשדוד,6
 אשדוד,6
 אשדוד,6
 אשדוד,6
 אשדוד,6
 אשדוד,6
 אשדוד,6
 אשדוד,6
 אשדוד,6
 אשדוד,6
 אשדוד,6
 אשדוד,6
 אשדוד,6
 אשדוד,6
 אשדוד,6
 אשדוד,6
 אשדוד,6
 אשדוד,6
 אשדוד,6
 אשדוד,6
 אשדוד,6
 אשדוד,6
 אשדוד,6
 אשדוד,6
 אשדוד,6
 אשדוד,6
 אשדוד,6
 אשדוד,6
 אשדוד,6
 אשדוד,6
 אשדוד,6
 אשדוד,6
 אשדוד,6
 אשדוד,6
 אשדוד,6
 אשדוד,6
 אשדוד,6
 אשדוד,6
 אשדוד,6
 אשדוד,6
 אשדוד,6
 אשדוד,6
 אשדוד,6
 אשדוד,6
 אשדוד,6
 אשדוד,6
 אשדוד,6
 אשדוד,6
 אשדוד,6
 אשדוד,6
 אשדוד,6
 אשדוד,6
 אשדוד,6
 אשדוד,6
 אשדוד,6
 אשדוד,6
 אשדוד,6
 אשדוד,6
 אשדוד,6
 אשדוד,6
 אשדוד,6
 אשדוד,6
 אשדוד,6
 אשדוד,6
 אשדוד,6
 אשדוד,6
 אשדות יעקב איחוד,2
 אשחר,2
 אשקלון,6
 אשקלון,6
 אשקלון,6
 אשקלון,6
 אשקלון,6
 אשקלון,6
 אשקלון,6
 אשקלון,6
 אשקלון,6
 אשקלון,6
 אשקלון,6
 אשקלון,6
 אשקלון,6
 אשקלון,6
 אשקלון,6
 אשקלון,6
 אשקלון,6
 אשקלון,6
 אשקלון,6
 אשקלון,6
 אשקלון,6
 אשקלון,6
 אשקלון,6
 אשקלון,6
 אשקלון,6
 אשקלון,6
 אשקלון,6
 אשקלון,6
 אשקלון,6
 אשקלון,6
 אשקלון,6
 אשקלון,6
 אשקלון,6
 אשקלון,6
 אשקלון,6
 אשקלון,6
 אשקלון,6
 אשקלון,6
 אשקלון,6
 אשקלון,6
 אשקלון,6
 אשקלון,6
 אשקלון,6
 אשקלון,6
 אשקלון,6
 אשקלון,6
 אשקלון,6
 אשקלון,6
 אשקלון,6
 אשקלון,6
 אשקלון,6
 אשקלון,6
 אשקלון,6
 אשקלון,6
 אשקלון,6
 אשקלון,6
 אשקלון,6
 אשקלון,6
 אשקלון,6
 אשקלון,6
 אשקלון,6
 אשקלון,6
 אשקלון,6
 אשקלון,6
 אשקלון,6
 אשקלון,6
 אשקלון,6
 אשקלון,6
 אשקלון,6
 אשקלון,6
 אשקלון,6
 אשקלון,6
 אשתאול,1
 אשתאול,1
 אשתאול,1
 באר טוביה,6
 באר יעקב,4
 באר יעקב,4
 באר יעקב,4
 באר שבע,6
 באר שבע,6
 באר שבע,6
 באר שבע,6
 באר שבע,6
 באר שבע,6
 באר שבע,6
 באר שבע,6
 באר שבע,6
 באר שבע,6
 באר שבע,6
 באר שבע,6
 באר שבע,6
 באר שבע,6
 באר שבע,6
 באר שבע,6
 באר שבע,6
 באר שבע,6
 באר שבע,6
 באר שבע,6
 באר שבע,6
 באר שבע,6
 באר שבע,6
 באר שבע,6
 באר שבע,6
 באר שבע,6
 באר שבע,6
 באר שבע,6
 באר שבע,6
 באר שבע,6
 באר שבע,6
 באר שבע,6
 באר שבע,6
 באר שבע,6
 באר שבע,6
 באר שבע,6
 באר שבע,6
 באר שבע,6
 באר שבע,6
 באר שבע,6
 באר שבע,6
 באר שבע,6
 באר שבע,6
 באר שבע,6
 באר שבע,6
 רמת גן,5
 באר שבע,6
 באר שבע,6
 באר שבע,6
 באר שבע,6
 באר שבע,6
 באר שבע,6
 באר שבע,6
 באר שבע,6
 באר שבע,6
 באר שבע,6
 באר שבע,6
 באר שבע,6
 באר שבע,6
 באר שבע,6
 באר שבע,6
 באר שבע,6
 באר שבע,6
 באר שבע,6
 באר שבע,6
 באר שבע,6
 באר שבע,6
 באר שבע,6
 באר שבע,6
 באר שבע,6
 באר שבע,6
 באר שבע,6
 באר שבע,6
 באר שבע,6
 באר שבע,6
 באר שבע,6
 באר שבע,6
 באר שבע,6
 באר שבע,6
 באר שבע,6
 באר שבע,6
 באר שבע,6
 באר שבע,6
 באר שבע,6
 באר שבע,6
 באר שבע,6
 באר שבע,6
 באר שבע,6
 באר שבע,6
 באר שבע,6
 באר שבע,6
 באר שבע,6
 באר שבע,6
 באר שבע,6
 באר שבע,6
 באר שבע,6
 באר שבע,6
 באר שבע,6
 באר שבע,6
 באר שבע,6
 באר שבע,6
 באר שבע,6
 באר שבע,6
 באר שבע,6
 באר שבע,6
 באר שבע,6
 באר שבע,6
 באר שבע,6
 באר שבע,6
 באר שבע,6
 באר שבע,6
 באר שבע,6
 באר שבע,6
 באר שבע,6
 באר שבע,6
 באר שבע,6
 באר שבע,6
 באר שבע,6
 באר שבע,6
 באר שבע,6
 באר שבע,6
 באר שבע,6
 באר שבע,6
 באר שבע,6
 באר שבע,6
 באר שבע,6
 באר שבע,6
 באר שבע,6
 באר שבע,6
 באר שבע,6
 בארות יצחק,4
 בארות יצחק,4
 בארי,6
 בטחה,6
 בירייה,2
 בית אל,7
 בית אל,7
 בית אל,7
 בית אל,7
 בית אל,7
 בית אל,7
 בית אל,7
 בית אל,7
 בית אל,7
 בית אל,7
 בית אל,7
 בית אל,7
 בית אל,7
 בית אל,7
 בית אל,7
 בית אל,7
 בית אל,7
 בית אל,7
 בארות יצחק,4
 בית אל,7
 בית אל,7
 בית גמליאל,4
 בית גמליאל,4
 בית גמליאל,4
 בית גמליאל,4
 בית גמליאל,4
 בית דגן,4
 בית דגן,4
 בית דגן,4
 בית דגן,4
 בית דגן,4
 בית דגן,4
 בית דגן,4
 בית הגדי,6
 בית העמק,2
 בית חגי,7
 בית חורון,7
 בית חורון,7
 בית חורון,7
 בית חנניה,3
 בית מאיר,1
 בית רימון,2
 בית שאן,2
 בית שאן,2
 בית שאן,2
 בית שאן,2
 בית שאן,2
 בית שאן,2
 בית שאן,2
 בית שאן,2
 בית שאן,2
 בית שאן,2
 בית שאן,2
 בית שאן,2
 בית שאן,2
 בית שאן,2
 בית שאן,2
 בית שאן,2
 בית שאן,2
 בית שאן,2
 בית שאן,2
 בית שאן,2
 בית שאן,2
 בית שאן,2
 בית שאן,2
 בית שמש,1
 בית שמש,1
 בית שמש,1
 בית שמש,1
 בית שמש,1
 בית שמש,1
 בית שמש,1
 בית שמש,1
 בית שמש,1
 בית שמש,1
 בית שמש,1
 בית שמש,1
 בית שמש,1
 בית שמש,1
 בית שמש,1
 בית שמש,1
 בית שמש,1
 בית שמש,1
 בית שמש,1
 בית שמש,1
 בית שמש,1
 בית שמש,1
 בית שמש,1
 בית שמש,1
 בית שמש,1
 בית שמש,1
 בית שמש,1
 בית שמש,1
 בית שמש,1
 בית שמש,1
 בית שמש,1
 בית שמש,1
 בית שמש,1
 בית שמש,1
 בית שמש,1
 בית שמש,1
 בית שמש,1
 בית שמש,1
 בית שמש,1
 בית שמש,1
 בית שמש,1
 בית שמש,1
 בית שמש,1
 בית שמש,1
 בית שמש,1
 בית שמש,1
 בית שמש,1
 בית שמש,1
 בית שמש,1
 בית שמש,1
 בית שמש,1
 בית שמש,1
 בית שמש,1
 בית שמש,1
 בית שמש,1
 בית שמש,1
 בית שמש,1
 בית שמש,1
 בית שמש,1
 בית שמש,1
 בית שמש,1
 בית שמש,1
 בית שמש,1
 בית שמש,1
 בית שמש,1
 ביתר עילית,7
 ביתר עילית,7
 ביתר עילית,7
 ביתר עילית,7
 ביתר עילית,7
 ביתר עילית,7
 ביתר עילית,7
 ביתר עילית,7
 ביתר עילית,7
 ביתר עילית,7
 ביתר עילית,7
 ביתר עילית,7
 ביתר עילית,7
 ביתר עילית,7
 טבריה,2
 ביתר עילית,7
 ביתר עילית,7
 ביתר עילית,7
 ביתר עילית,7
 ביתר עילית,7
 בני ברק,5
 בני ברק,5
 בני ברק,5
 בני ברק,5
 בני ברק,5
 בני ברק,5
 בני ברק,5
 בני ברק,5
 בני ברק,5
 בני ברק,5
 בני ברק,5
 בני ברק,5
 בני ברק,5
 בני ברק,5
 בני ברק,5
 בני ברק,5
 בני ברק,5
 בני ברק,5
 בני ברק,5
 בני ברק,5
 בני ברק,5
 בני ברק,5
 בני ברק,5
 בני ברק,5
 בני ברק,5
 בני ברק,5
 בני ברק,5
 בני ברק,5
 בני ברק,5
 בני ברק,5
 בני ברק,5
 בני ברק,5
 בני ברק,5
 בני ברק,5
 בני ברק,5
 בני ברק,5
 בני ברק,5
 בני ברק,5
 בני ברק,5
 בני ברק,5
 בני ברק,5
 בני ברק,5
 בני ברק,5
 בני ברק,5
 בני ברק,5
 בני ברק,5
 בני ברק,5
 בני ברק,5
 בני ברק,5
 בני ברק,5
 בני ברק,5
 בני ברק,5
 בני ברק,5
 בני ברק,5
 בני ברק,5
 בני ברק,5
 בני ברק,5
 בני ברק,5
 בני ברק,5
 בני ברק,5
 בני ברק,5
 בני ברק,5
 בני ברק,5
 בני ברק,5
 בני ברק,5
 בני ברק,5
 בני ברק,5
 בני ברק,5
 בני ברק,5
 בני ברק,5
 בני ברק,5
 בני ברק,5
 בני ברק,5
 בני ברק,5
 בני ברק,5
 בני ברק,5
 בני ברק,5
 בני ברק,5
 בני ברק,5
 בני ברק,5
 בני ברק,5
 בני ברק,5
 בני ברק,5
 בני ברק,5
 בני ברק,5
 בני ברק,5
 בני ברק,5
 בני ברק,5
 בני ברק,5
 בני ברק,5
 בני ברק,5
 בני ברק,5
 בני ברק,5
 בני ברק,5
 בני ברק,5
 בני ברק,5
 בני ברק,5
 בני ברק,5
 בני ברק,5
 בני ברק,5
 בני ברק,5
 בני ברק,5
 בני ברק,5
 בני ברק,5
 בני ברק,5
 בני ברק,5
 בני ברק,5
 בני ברק,5
 בני ברק,5
 בני ברק,5
 בני ברק,5
 בני ברק,5
 בני ברק,5
 בני ברק,5
 בני ברק,5
 בני ברק,5
 בני ברק,5
 בני ברק,5
 בני ברק,5
 בני דרום,4
 בני דרום,4
 בני יהודה,2
 בני עיש,4
 בני עיש,4
 בני עיש,4
 בני ראם,4
 בני ראם,4
 בני ראם,4
 בני ראם,4
 בנימינה,3
 בנימינה,3
 בנימינה,3
 בנימינה,3
 בנימינה,3
 בר יוחאי,2
 ברכיה,6
 ברכיה,6
 ברכיה,6
 ברק,2
 ברקן,7
 ברקת,4
 בת חפר,4
 בת חפר,4
 בת חפר,4
 בת ים,5
 בת ים,5
 בת ים,5
 בת ים,5
 בת ים,5
 בת ים,5
 בת ים,5
 בת ים,5
 בת ים,5
 בת ים,5
 בת ים,5
 בת ים,5
 בת ים,5
 בת ים,5
 בת ים,5
 בת ים,5
 בת ים,5
 בת ים,5
 בת ים,5
 בת ים,5
 בת ים,5
 בת ים,5
 בת ים,5
 בת ים,5
 בת ים,5
 בת ים,5
 בת ים,5
 בת ים,5
 ראש העין,4
 בת ים,5
 בת ים,5
 בת ים,5
 בת ים,5
 בת ים,5
 בת ים,5
 בת ים,5
 בת ים,5
 בת ים,5
 בת ים,5
 בת ים,5
 בת ים,5
 בת ים,5
 בת ים,5
 בת ים,5
 בת ים,5
 בת ים,5
 ירושלים,1
 בת ים,5
 בת ים,5
 בת ים,5
 בת ים,5
 פרדס חנה כרכור,3
 בת ים,5
 בת ים,5
 בת ים,5
 בת ים,5
 בת ים,5
 בת ים,5
 בת ים,5
 בת ים,5
 בת ים,5
 בת עין,7
 בת עין,7
 בת שלמה,3
 בת שלמה,3
 גאולי תימן,4
 גאולים,4
 גבעת ברנר,4
 גבעת השלושה,4
 גבעת זאב,7
 גבעת זאב,7
 גבעת זאב,7
 גבעת זאב,7
 גבעת זאב,7
 גבעת זאב,7
 גבעת זאב,7
 גבעת זאב,7
 גבעת זאב,7
 גבעת זאב,7
 גבעת זאב,7
 גבעת זאב,7
 גבעת זאב,7
 גבעת זאב,7
 גבעת זאב,7
 גבעת זאב,7
 גבעת זאב,7
 גבעת זאב,7
 גבעת זאב,7
 גבעת זאב,7
 גבעת זאב,7
 גבעת זאב,7
 גבעת זאב,7
 גבעת זאב,7
 גבעת זאב,7
 גבעת זאב,7
 גבעת זאב,7
 גבעת זאב,7
 גבעת זאב,7
 גבעת זאב,7
 גבעת יערים,1
 גבעת יערים,1
 בנימינה,3
 בנימינה,3
 גבעת שמואל,4
 גבעת שמואל,4
 גבעת שמואל,4
 בני ראם,4
 גבעת שמואל,4
 גבעת שמואל,4
 גבעת שמואל,4
 גבעת שמואל,4
 גבעת שמואל,4
 גבעת שמואל,4
 גבעת שמואל,4
 גבעת שמואל,4
 גבעת שמואל,4
 גבעת שמואל,4
 גבעת שמואל,4
 גבעת שמואל,4
 גבעת שמואל,4
 גבעת שמואל,4
 גבעת שמואל,4
 גבעת שמואל,4
 גבעת שמואל,4
 גבעת שמואל,4
 גבעת שמואל,4
 גבעת שמואל,4
 גבעת שמואל,4
 גבעת שמואל,4
 גבעת שמואל,4
 גבעת שמואל,4
 גבעת שמואל,4
 גבעת שמואל,4
 גבעת שמואל,4
 גבעת שמואל,4
 גבעתיים,5
 גבעתיים,5
 גבעתיים,5
 גבעתיים,5
 גבעתיים,5
 גבעתיים,5
 גבעתיים,5
 גבעתיים,5
 גבעתיים,5
 גבעתיים,5
 גבעתיים,5
 גבעתיים,5
 גבעתיים,5
 גבעתיים,5
 גבעתיים,5
 גבעתיים,5
 גבעתיים,5
 גבעתיים,5
 גבעתיים,5
 גבעתיים,5
 קריית גת,6
 גבעתיים,5
 גבעתיים,5
 גבעתיים,5
 גבעתיים,5
 גבעתיים,5
 גדרה,4
 גדרה,4
 גדרה,4
 גדרה,4
 גדרה,4
 גדרה,4
 גדרה,4
 גדרה,4
 גדרה,4
 גדרה,4
 גדרה,4
 גדרה,4
 גדרה,4
 גדרה,4
 גדרה,4
 גיאה,6
 גילון,2
 גינות שומרון,7
 גינות שומרון,7
 גינות שומרון,7
 גינות שומרון,7
 גינות שומרון,7
 גיתית,7
 גמזו,4
 גמזו,4
 גמזו,4
 גן השומרון,3
 גן יבנה,4
 גן יבנה,4
 גן יבנה,4
 גן יבנה,4
 גן יבנה,4
 גן יבנה,4
 גן יבנה,4
 גן יבנה,4
 גן יבנה,4
 גן נר,2
 גן נר,2
 גן שלמה,4
 גן שמואל,3
 גני יוחנן,4
 גני תקווה,4
 גני תקווה,4
 גני תקווה,4
 גני תקווה,4
 גני תקווה,4
 גני תקווה,4
 גני תקווה,4
 גני תקווה,4
 גני תקווה,4
 גני תקווה,4
 גני תקווה,4
 גני תקווה,4
 גני תקווה,4
 גני תקווה,4
 גני תקווה,4
 גני תקווה,4
 גני תקווה,4
 גני תקווה,4
 גני תקווה,4
 גשר הזיו,2
 גת רימון,4
 דבורה,2
 דולב,7
 דולב,7
 דולב,7
 דולב,7
 דולב,7
 דימונה,6
 דימונה,6
 דימונה,6
 דימונה,6
 דימונה,6
 דימונה,6
 דימונה,6
 דימונה,6
 דימונה,6
 דימונה,6
 דימונה,6
 דימונה,6
 דימונה,6
 דימונה,6
 דימונה,6
 דימונה,6
 דימונה,6
 דימונה,6
 דימונה,6
 דימונה,6
 דישון,2
 דלתון,2
 דלתון,2
 הוד השרון,4
 הוד השרון,4
 הוד השרון,4
 הוד השרון,4
 הוד השרון,4
 הוד השרון,4
 הוד השרון,4
 הוד השרון,4
 הוד השרון,4
 הוד השרון,4
 הוד השרון,4
 הוד השרון,4
 הוד השרון,4
 הוד השרון,4
 הוד השרון,4
 הוד השרון,4
 ירושלים,1
 הוד השרון,4
 הוד השרון,4
 הזורעים,2
 הזורעים,2
 הר אדר,7
 חברון,7
 הרצליה,5
 הרצליה,5
 הרצליה,5
 הרצליה,5
 הרצליה,5
 הרצליה,5
 הרצליה,5
 הרצליה,5
 הרצליה,5
 הרצליה,5
 הרצליה,5
 הרצליה,5
 הרצליה,5
 הרצליה,5
 הרצליה,5
 הרצליה,5
 הרצליה,5
 הרצליה,5
 הרצליה,5
 הרצליה,5
 הרצליה,5
 הרצליה,5
 הרצליה,5
 הרצליה,5
 הרצליה,5
 הרצליה,5
 הרצליה,5
 הרצליה,5
 הרצליה,5
 הרצליה,5
 הרצליה,5
 הרצליה,5
 הרצליה,5
 הרצליה,5
 הרצליה,5
 הרצליה,5
 הרצליה,5
 הרצליה,5
 הרצליה,5
 הרצליה,5
 הרצליה,5
 הרצליה,5
 הרצליה,5
 הרצליה,5
 הרצליה,5
 הרצליה,5
 הרצליה,5
 הרצליה,5
 הרצליה,5
 הרצליה,5
 הרצליה,5
 זבדיאל,6
 זבדיאל,6
 זיתן,4
 זיתן,4
 זיתן,4
 זכרון יעקב,3
 זכרון יעקב,3
 זכרון יעקב,3
 זכרון יעקב,3
 זכרון יעקב,3
 זכרון יעקב,3
 זכרון יעקב,3
 זכרון יעקב,3
 זכרון יעקב,3
 זכרון יעקב,3
 זכרון יעקב,3
 זכרון יעקב,3
 זכרון יעקב,3
 זכרון יעקב,3
 זכרון יעקב,3
 זכרון יעקב,3
 זכרון יעקב,3
 זנוח,1
 זרחיה,6
 חבצלת השרון,4
 חבר,2
 חברון,7
 חברון,7
 חברון,7
 חברון,7
 חגי,7
 חגי,7
 חד נס,2
 חדרה,3
 חדרה,3
 חדרה,3
 חדרה,3
 חדרה,3
 חדרה,3
 חדרה,3
 חדרה,3
 חדרה,3
 חדרה,3
 חדרה,3
 חדרה,3
 חדרה,3
 חדרה,3
 חדרה,3
 חדרה,3
 חדרה,3
 חדרה,3
 חדרה,3
 חדרה,3
 חדרה,3
 חדרה,3
 חדרה,3
 חדרה,3
 חדרה,3
 חדרה,3
 חדרה,3
 חדרה,3
 חדרה,3
 חדרה,3
 חדרה,3
 חדרה,3
 חדרה,3
 חדרה,3
 חדרה,3
 חדרה,3
 חדרה,3
 חדרה,3
 חדרה,3
 חולון,5
 חולון,5
 חולון,5
 חולון,5
 חולון,5
 חולון,5
 חולון,5
 חולון,5
 חולון,5
 חולון,5
 חולון,5
 חולון,5
 חולון,5
 חולון,5
 חולון,5
 חולון,5
 חולון,5
 חולון,5
 חולון,5
 חולון,5
 חולון,5
 חולון,5
 חולון,5
 חולון,5
 חולון,5
 חולון,5
 חולון,5
 חולון,5
 חולון,5
 חולון,5
 חולון,5
 חולון,5
 חולון,5
 חולון,5
 חולון,5
 חולון,5
 חולון,5
 חולון,5
 חולון,5
 חולון,5
 חולון,5
 חולון,5
 חולון,5
 חולון,5
 חולון,5
 חולון,5
 חולון,5
 חולון,5
 חולון,5
 חולון,5
 חולון,5
 חולון,5
 חולון,5
 חולון,5
 חולון,5
 חולון,5
 חולון,5
 חולון,5
 חולון,5
 חולון,5
 חולון,5
 חולון,5
 חולון,5
 חולון,5
 חולון,5
 חולון,5
 חולון,5
 חולון,5
 חולון,5
 חולון,5
 חולון,5
 חולון,5
 חולון,5
 חולון,5
 חולון,5
 חולון,5
 חולון,5
 חולון,5
 חולון,5
 חזון,2
 חיבת ציון,4
 חיננית,7
 חיננית,7
 חיפה,3
 חיפה,3
 חיפה,3
 חיפה,3
 חיפה,3
 חיפה,3
 חיפה,3
 חיפה,3
 חיפה,3
 חיפה,3
 חיפה,3
 חיפה,3
 חיפה,3
 חיפה,3
 חיפה,3
 חיפה,3
 חיפה,3
 חולון,5
 חיפה,3
 חיפה,3
 חיפה,3
 חיפה,3
 חיפה,3
 חיפה,3
 חיפה,3
 חיפה,3
 חיפה,3
 חיפה,3
 חיפה,3
 חיפה,3
 חיפה,3
 חיפה,3
 חיפה,3
 חיפה,3
 חיפה,3
 חיפה,3
 חיפה,3
 חיפה,3
 חיפה,3
 חיפה,3
 חיפה,3
 חיפה,3
 חיפה,3
 חיפה,3
 חיפה,3
 חיפה,3
 חיפה,3
 חיפה,3
 חיפה,3
 חיפה,3
 חיפה,3
 חיפה,3
 חיפה,3
 חיפה,3
 חיפה,3
 חיפה,3
 חיפה,3
 חיפה,3
 חיפה,3
 חיפה,3
 חיפה,3
 חיפה,3
 חיפה,3
 חיפה,3
 חיפה,3
 חיפה,3
 חיפה,3
 חיפה,3
 חיפה,3
 חיפה,3
 חיפה,3
 חיפה,3
 חיפה,3
 חיפה,3
 חיפה,3
 חיפה,3
 חיפה,3
 חיפה,3
 חיפה,3
 חיפה,3
 חיפה,3
 חיפה,3
 חיפה,3
 חיפה,3
 חיפה,3
 חיפה,3
 חיפה,3
 חיפה,3
 חיפה,3
 חיפה,3
 חיפה,3
 חיפה,3
 חיפה,3
 חיפה,3
 חיפה,3
 חיפה,3
 חיפה,3
 חיפה,3
 חיפה,3
 חיפה,3
 חיפה,3
 חיפה,3
 חיפה,3
 חיפה,3
 חיפה,3
 חלמיש,7
 חלמיש,7
 חמד,4
 חמד,4
 חמד,4
 חמד,4
 חמדת,7
 חנתון,2
 חספין,2
 חספין,2
 חספין,2
 חספין,2
 חפץ חיים,4
 חפץ חיים,4
 חצור הגלילית,2
 חצור הגלילית,2
 חצור הגלילית,2
 חצור הגלילית,2
 חצור הגלילית,2
 חצור הגלילית,2
 חצור הגלילית,2
 חצור הגלילית,2
 חצור הגלילית,2
 חצור הגלילית,2
 חצור הגלילית,2
 חריש,3
 חריש,3
 חריש,3
 חרמש,7
 חשמונאים,7
 חשמונאים,7
 חשמונאים,7
 חשמונאים,7
 חשמונאים,7
 חשמונאים,7
 חשמונאים,7
 חשמונאים,7
 חשמונאים,7
 חשמונאים,7
 חשמונאים,7
 חשמונאים,7
 קריית טבעון,3
 קריית טבעון,3
 קריית טבעון,3
 קריית טבעון,3
 טבריה,2
 טבריה,2
 טבריה,2
 טבריה,2
 טבריה,2
 טבריה,2
 טבריה,2
 טבריה,2
 טבריה,2
 טבריה,2
 טבריה,2
 טבריה,2
 טבריה,2
 טבריה,2
 טבריה,2
 טבריה,2
 טבריה,2
 טבריה,2
 טבריה,2
 טבריה,2
 טבריה,2
 טבריה,2
 טבריה,2
 טבריה,2
 טבריה,2
 טבריה,2
 טבריה,2
 טבריה,2
 טבריה,2
 טבריה,2
 טבריה,2
 טבריה,2
 טבריה,2
 טבריה,2
 טבריה,2
 תל אביב -יפו,5
 טבריה,2
 טירת כרמל,3
 טירת כרמל,3
 טירת כרמל,3
 טירת כרמל,3
 טירת כרמל,3
 טירת כרמל,3
 טירת כרמל,3
 טירת כרמל,3
 טירת כרמל,3
 טירת כרמל,3
 טירת כרמל,3
 טירת כרמל,3
 טירת כרמל,3
 טירת כרמל,3
 טירת כרמל,3
 טירת כרמל,3
 טירת כרמל,3
 טירת כרמל,3
 טירת יהודה,4
 טירת יהודה,4
 טירת יהודה,4
 טירת יהודה,4
 טירת צבי,2
 טל אל,2
 טלמון,7
 טלמון,7
 טלמון,7
 טלמון,7
 טלמון,7
 טלמון,7
 טלמון,7
 טלמון,7
 טנא,7
 טנא,7
 טפחות,2
 יבנה,4
 יבנה,4
 יבנה,4
 יבנה,4
 יבנה,4
 יבנה,4
 יבנה,4
 יבנה,4
 יבנה,4
 יבנה,4
 יבנה,4
 יבנה,4
 יבנה,4
 יבנה,4
 יבנה,4
 יבנה,4
 יבנה,4
 יבנה,4
 יבנה,4
 יבנה,4
 יבנה,4
 יבנה,4
 יבנה,4
 יבנה,4
 יבנה,4
 יבנה,4
 יבנה,4
 יבנה,4
 יבנה,4
 יבנה,4
 יבנה,4
 יבנה,4
 יבנה,4
 יבנה,4
 יבנה,4
 יבנה,4
 יבנה,4
 קבוצת יבנה,4
 יבנאל,2
 יבנאל,2
 יבנאל,2
 יבנאל,2
 יגל,4
 יגל,4
 יד בנימין,4
 יד בנימין,4
 יד בנימין,4
 יד בנימין,4
 יד בנימין,4
 יד בנימין,4
 יד בנימין,4
 יד בנימין,4
 יהוד,4
 יהוד,4
 קריית גת,6
 יהוד,4
 יהוד,4
 יהוד,4
 יהוד,4
 יהוד,4
 יהוד,4
 יהוד,4
 יהוד,4
 יהוד,4
 יהוד,4
 יהוד,4
 יהוד,4
 יהוד,4
 יהוד,4
 יהוד,4
 יהוד,4
 יהוד,4
 יהוד,4
 יהוד,4
 יובלים,2
 יונתן,2
 נווה אטיב,2
 יכיני,6
 יכיני,6
 יכיני,6
 ינון,6
 ינון,6
 ינון,6
 יסוד המעלה,2
 תל אביב -יפו,5
 תל אביב -יפו,5
 תל אביב -יפו,5
 תל אביב -יפו,5
 תל אביב -יפו,5
 תל אביב -יפו,5
 תל אביב -יפו,5
 תל אביב -יפו,5
 תל אביב -יפו,5
 תל אביב -יפו,5
 בית שמש,1
 יפית,7
 יצהר,7
 יצהר,7
 יציץ,4
 יציץ,4
 יקיר,7
 יקיר,7
 יקיר,7
 יקיר,7
 יקנעם,2
 יקנעם,2
 יקנעם,2
 יקנעם,2
 יקנעם עילית,2
 יקנעם עילית,2
 יקנעם עילית,2
 יקנעם עילית,2
 יקנעם עילית,2
 יקנעם עילית,2
 יקנעם עילית,2
 יקנעם עילית,2
 יקנעם עילית,2
 יקנעם עילית,2
 יקנעם עילית,2
 יקנעם עילית,2
 יקנעם עילית,2
 ירוחם,6
 ירוחם,6
 ירוחם,6
 ירוחם,6
 ירוחם,6
 ירוחם,6
 ירוחם,6
 ירוחם,6
 ירוחם,6
 ירוחם,6
 ירוחם,6
 ירושלים,1
 ירושלים,1
 ירושלים,1
 ירושלים,1
 ירושלים,1
 ירושלים,1
 ירושלים,1
 ירושלים,1
 ירושלים,1
 ירושלים,1
 ירושלים,1
 ירושלים,1
 ירושלים,1
 ירושלים,1
 ירושלים,1
 ירושלים,1
 ירושלים,1
 ירושלים,1
 ירושלים,1
 ירושלים,1
 ירושלים,1
 ירושלים,1
 ירושלים,1
 ירושלים,1
 ירושלים,1
 ירושלים,1
 ירושלים,1
 ירושלים,1
 ירושלים,1
 ירושלים,1
 ירושלים,1
 ירושלים,1
 ירושלים,1
 ירושלים,1
 ירושלים,1
 ירושלים,1
 ירושלים,1
 ירושלים,1
 ירושלים,1
 הר ברכה,7
 ירושלים,1
 ירושלים,1
 ירושלים,1
 ירושלים,1
 ירושלים,1
 ירושלים,1
 ירושלים,1
 ירושלים,1
 ירושלים,1
 ירושלים,1
 ירושלים,1
 ירושלים,1
 ירושלים,1
 ירושלים,1
 ירושלים,1
 ירושלים,1
 ירושלים,1
 ירושלים,1
 ירושלים,1
 ירושלים,1
 ירושלים,1
 ירושלים,1
 ירושלים,1
 ירושלים,1
 ירושלים,1
 ירושלים,1
 ירושלים,1
 ירושלים,1
 ירושלים,1
 ירושלים,1
 ירושלים,1
 ירושלים,1
 ירושלים,1
 ירושלים,1
 ירושלים,1
 ירושלים,1
 ירושלים,1
 ירושלים,1
 ירושלים,1
 ירושלים,1
 ירושלים,1
 ירושלים,1
 ירושלים,1
 ירושלים,1
 ירושלים,1
 ירושלים,1
 ירושלים,1
 ירושלים,1
 ירושלים,1
 ירושלים,1
 ירושלים,1
 ירושלים,1
 ירושלים,1
 ירושלים,1
 ירושלים,1
 ירושלים,1
 ירושלים,1
 ירושלים,1
 ירושלים,1
 ירושלים,1
 ירושלים,1
 ירושלים,1
 ירושלים,1
 ירושלים,1
 ירושלים,1
 ירושלים,1
 ירושלים,1
 ירושלים,1
 ירושלים,1
 ירושלים,1
 ירושלים,1
 ירושלים,1
 ירושלים,1
 ירושלים,1
 ירושלים,1
 ירושלים,1
 ירושלים,1
 ירושלים,1
 ירושלים,1
 ירושלים,1
 ירושלים,1
 ירושלים,1
 ירושלים,1
 ירושלים,1
 ירושלים,1
 ירושלים,1
 ירושלים,1
 ירושלים,1
 ירושלים,1
 ירושלים,1
 ירושלים,1
 ירושלים,1
 ירושלים,1
 ירושלים,1
 ירושלים,1
 ירושלים,1
 ירושלים,1
 ירושלים,1
 ירושלים,1
 ירושלים,1
 ירושלים,1
 ירושלים,1
 ירושלים,1
 ירושלים,1
 ירושלים,1
 ירושלים,1
 ירושלים,1
 ירושלים,1
 ירושלים,1
 ירושלים,1
 ירושלים,1
 ירושלים,1
 ירושלים,1
 ירושלים,1
 ירושלים,1
 ירושלים,1
 ירושלים,1
 ירושלים,1
 ירושלים,1
 ירושלים,1
 ירושלים,1
 ירושלים,1
 ירושלים,1
 ירושלים,1
 ירושלים,1
 ירושלים,1
 ירושלים,1
 ירושלים,1
 ירושלים,1
 ירושלים,1
 ירושלים,1
 ירושלים,1
 ירושלים,1
 ירושלים,1
 ירושלים,1
 ירושלים,1
 ירושלים,1
 ירושלים,1
 ירושלים,1
 ירושלים,1
 ירושלים,1
 ירושלים,1
 ירושלים,1
 ירושלים,1
 ירושלים,1
 ירושלים,1
 אשדוד,6
 ירושלים,1
 ירושלים,1
 ירושלים,1
 ירושלים,1
 ירושלים,1
 ירושלים,1
 ירושלים,1
 ירושלים,1
 ירושלים,1
 ירושלים,1
 ירושלים,1
 ירושלים,1
 ירושלים,1
 ירושלים,1
 ירושלים,1
 ירושלים,1
 ירושלים,1
 ירושלים,1
 ירושלים,1
 ירושלים,1
 ירושלים,1
 ירושלים,1
 ירושלים,1
 ירושלים,1
 ירושלים,1
 ירושלים,1
 ירושלים,1
 ירושלים,1
 ירושלים,1
 ירושלים,1
 ירושלים,1
 ירושלים,1
 ירושלים,1
 ירושלים,1
 ירושלים,1
 ירושלים,1
 ירושלים,1
 ירושלים,1
 ירושלים,1
 ירושלים,1
 ירושלים,1
 ירושלים,1
 ירושלים,1
 ירושלים,1
 ירושלים,1
 ירושלים,1
 ירושלים,1
 ירושלים,1
 ירושלים,1
 ירושלים,1
 ירושלים,1
 ירושלים,1
 ירושלים,1
 ירושלים,1
 ירושלים,1
 ירושלים,1
 ירושלים,1
 ירושלים,1
 ירושלים,1
 ירושלים,1
 ירושלים,1
 ירושלים,1
 ירושלים,1
 ירושלים,1
 ירושלים,1
 ירושלים,1
 ירושלים,1
 ירושלים,1
 ירושלים,1
 ירושלים,1
 ירושלים,1
 ירושלים,1
 ירושלים,1
 ירושלים,1
 ירושלים,1
 ירושלים,1
 ירושלים,1
 ירושלים,1
 ירושלים,1
 ירושלים,1
 ירושלים,1
 ירושלים,1
 ירושלים,1
 ירושלים,1
 ירושלים,1
 ירושלים,1
 ירושלים,1
 ירושלים,1
 ירושלים,1
 ירושלים,1
 ירושלים,1
 ירושלים,1
 ירושלים,1
 ירושלים,1
 ירושלים,1
 ירושלים,1
 ירושלים,1
 ירושלים,1
 ירושלים,1
 ירושלים,1
 ירושלים,1
 ירושלים,1
 ירושלים,1
 ירושלים,1
 ירושלים,1
 ירושלים,1
 ירושלים,1
 ירושלים,1
 ירושלים,1
 ירושלים,1
 ירושלים,1
 ירושלים,1
 ירושלים,1
 ירושלים,1
 ירושלים,1
 ירושלים,1
 ירושלים,1
 ירושלים,1
 ירושלים,1
 ירושלים,1
 ירושלים,1
 ירושלים,1
 ירושלים,1
 כפר סבא,4
 ירושלים,1
 ירושלים,1
 ירושלים,1
 ירושלים,1
 ירושלים,1
 ירושלים,1
 ירושלים,1
 ירושלים,1
 ירושלים,1
 ירושלים,1
 ירושלים,1
 ירושלים,1
 ירושלים,1
 ירושלים,1
 ירושלים,1
 ירושלים,1
 ירושלים,1
 ירושלים,1
 ירושלים,1
 ירושלים,1
 ירושלים,1
 ירושלים,1
 ירושלים,1
 ירושלים,1
 ירושלים,1
 ירושלים,1
 ירושלים,1
 ירושלים,1
 ירושלים,1
 ירושלים,1
 ירושלים,1
 ירושלים,1
 ירושלים,1
 ירושלים,1
 ירושלים,1
 ירושלים,1
 ירושלים,1
 ירושלים,1
 ירושלים,1
 ירושלים,1
 ירושלים,1
 ירושלים,1
 ירושלים,1
 ירושלים,1
 ירושלים,1
 ירושלים,1
 ירושלים,1
 ירושלים,1
 ירושלים,1
 ירושלים,1
 ירושלים,1
 ירושלים,1
 ירושלים,1
 ירושלים,1
 ירושלים,1
 ירושלים,1
 ירושלים,1
 ירושלים,1
 ירושלים,1
 ירושלים,1
 ירושלים,1
 ירושלים,1
 ירושלים,1
 ירושלים,1
 ירושלים,1
 ירושלים,1
 ירושלים,1
 ירושלים,1
 ירושלים,1
 ירושלים,1
 ירושלים,1
 ירושלים,1
 ירושלים,1
 ירושלים,1
 ירושלים,1
 ירושלים,1
 ירושלים,1
 ירושלים,1
 ירושלים,1
 ירושלים,1
 ירושלים,1
 ירושלים,1
 ירושלים,1
 ירושלים,1
 ירושלים,1
 ירושלים,1
 ירושלים,1
 ירושלים,1
 ירושלים,1
 ירושלים,1
 ירושלים,1
 ירושלים,1
 ירושלים,1
 ירושלים,1
 ירושלים,1
 ירושלים,1
 ירושלים,1
 ירושלים,1
 ירושלים,1
 ירושלים,1
 ירושלים,1
 ירושלים,1
 ירושלים,1
 ירושלים,1
 ירושלים,1
 ירושלים,1
 ירושלים,1
 ירושלים,1
 ירושלים,1
 ירושלים,1
 ירושלים,1
 ירושלים,1
 ירושלים,1
 ירושלים,1
 ירושלים,1
 ירושלים,1
 ירושלים,1
 ירושלים,1
 ירושלים,1
 ירושלים,1
 ירושלים,1
 ירושלים,1
 ירושלים,1
 ירושלים,1
 ירושלים,1
 ירושלים,1
 ירושלים,1
 ירושלים,1
 ירושלים,1
 ירושלים,1
 ירושלים,1
 ירושלים,1
 ירושלים,1
 ירושלים,1
 ירושלים,1
 ירושלים,1
 ירושלים,1
 ירושלים,1
 ירושלים,1
 ירושלים,1
 ירושלים,1
 ירושלים,1
 ירושלים,1
 ירושלים,1
 ירושלים,1
 ירושלים,1
 ירושלים,1
 ירושלים,1
 ירושלים,1
 ירושלים,1
 ירושלים,1
 ירושלים,1
 ירושלים,1
 ירושלים,1
 ירושלים,1
 ירושלים,1
 ירושלים,1
 ירושלים,1
 ירושלים,1
 ירושלים,1
 ירושלים,1
 ירושלים,1
 ירושלים,1
 ירושלים,1
 ירושלים,1
 ירושלים,1
 ירושלים,1
 ירושלים,1
 ירושלים,1
 ירושלים,1
 ירושלים,1
 ירושלים,1
 ירושלים,1
 ירושלים,1
 ירושלים,1
 ירושלים,1
 ירושלים,1
 ירושלים,1
 ירושלים,1
 ירושלים,1
 ירושלים,1
 ירושלים,1
 ירושלים,1
 ירושלים,1
 ירושלים,1
 ירושלים,1
 ירושלים,1
 ירושלים,1
 ירושלים,1
 ישעי,1
 ישעי,1
 ישעי,1
 יתד,6
 כוכב השחר,7
 כוכב השחר,7
 כוכב השחר,7
 כוכב השחר,7
 כוכב יאיר,4
 כוכב יאיר,4
 כוכב יעקב,7
 כוכב יעקב,7
 כוכב יעקב,7
 כוכב יעקב,7
 כוכב יעקב,7
 כוכב יעקב,7
 כוכב יעקב,7
 כוכב יעקב,7
 כוכב יעקב,7
 כנרת,2
 כפר אדומים,7
 רעננה,4
 כפר גדעון,2
 כפר הראה,4
 כפר הראה,4
 כפר הראה,4
 כפר הראה,4
 כפר חנניה,2
 כפר חסידים,3
 כפר חסידים,3
 כפר יובל,2
 כפר יובל,2
 כפר יונה,4
 כפר יונה,4
 כפר יונה,4
 כפר יונה,4
 כפר יונה,4
 כפר יונה,4
 כפר יונה,4
 כפר יונה,4
 כפר יונה,4
 כפר יונה,4
 כפר יונה,4
 כפר יונה,4
 כפר יונה,4
 כפר יונה,4
 כפר יונה,4
 כפר יונה,4
 כפר יונה,4
 כפר יעבץ,4
 כפר יעבץ,4
 כפר מימון,6
 כפר מימון,6
 כפר מרדכי,4
 כפר סבא,4
 כפר סבא,4
 כפר סבא,4
 כפר סבא,4
 כפר סבא,4
 כפר סבא,4
 כפר סבא,4
 כפר סבא,4
 כפר סבא,4
 כפר סבא,4
 כפר סבא,4
 כפר סבא,4
 כפר סבא,4
 כפר סבא,4
 כפר סבא,4
 כפר סבא,4
 כפר סבא,4
 כפר סבא,4
 כפר סבא,4
 כפר סבא,4
 כפר סבא,4
 כפר סבא,4
 כפר סבא,4
 כפר סבא,4
 כפר סבא,4
 כפר סבא,4
 כפר סבא,4
 כפר סבא,4
 כפר סבא,4
 כפר סבא,4
 כפר סבא,4
 כפר סבא,4
 כפר סבא,4
 כפר סבא,4
 כפר סבא,4
 כפר סבא,4
 כפר סבא,4
 כפר סבא,4
 כפר סבא,4
 כפר סבא,4
 כפר סבא,4
 כפר סבא,4
 כפר סבא,4
 כפר סבא,4
 כפר עציון,7
 כפר פינס,3
 רמלה,4
 כפר תבור,2
 כפר תפוח,7
 כפר תפוח,7
 פרדס חנה כרכור,1
 פרדס חנה כרכור,1
 פרדס חנה כרכור,1
 כרם בן זמרה,2
 כרם מהרל,3
 כרמי צור,7
 כרמי צור,7
 כרמיאל,2
 כרמיאל,2
 כרמיאל,2
 כרמיאל,2
 כרמיאל,2
 כרמיאל,2
 כרמיאל,2
 כרמיאל,2
 כרמיאל,2
 כרמיאל,2
 כרמיאל,2
 כרמיאל,2
 כרמיאל,2
 כרמיאל,2
 כרמיאל,2
 כרמיאל,2
 כרמיאל,2
 כרמיאל,2
 כרמיאל,2
 כרמיאל,2
 כרמיאל,2
 כרמיאל,2
 כרמיה,6
 כרמל,7
 כרמל,7
 לביא,2
 לביא,2
 להבים,6
 להבים,6
 לוד,4
 לוד,4
 לוד,4
 לוד,4
 לוד,4
 לוד,4
 לוד,4
 לוד,4
 לוד,4
 לוד,4
 לוד,4
 לוד,4
 לוד,4
 לוד,4
 לוד,4
 לוד,4
 לוד,4
 לוד,4
 לוד,4
 לוד,4
 לוד,4
 לוד,4
 לוד,4
 לוד,4
 לוד,4
 לוד,4
 לוד,4
 לוד,4
 לוד,4
 לוד,4
 לוד,4
 לוד,4
 לוד,4
 לוד,4
 לוד,4
 לוד,4
 לוד,4
 לוד,4
 לוד,4
 לוד,4
 לוד,4
 לוד,4
 לוד,4
 לוד,4
 לוד,4
 לוד,4
 לוד,4
 לוד,4
 לוד,4
 לוד,4
 לוד,4
 לוד,4
 לוד,4
 לוד,4
 לוד,4
 לפיד,4
 גינות שומרון,7
 מבוא חורון,7
 מבוא חורון,7
 מבוא חורון,7
 מבוא חורון,7
 מבוא חורון,7
 מבוא חורון,7
 מבוא חורון,7
 מבוא חורון,7
 ירושלים,1
 ירושלים,1
 ירושלים,1
 מבשרת ציון,1
 מבשרת ציון,1
 מבשרת ציון,1
 מבשרת ציון,1
 מבשרת ציון,1
 מבשרת ציון,1
 מבשרת ציון,1
 מבשרת ציון,1
 מבשרת ציון,1
 מבשרת ציון,1
 מבשרת ציון,1
 מבשרת ציון,1
 מבשרת ציון,1
 מבשרת ציון,1
 מבשרת ציון,1
 מבשרת ציון,1
 מבשרת ציון,1
 מבשרת ציון,1
 מבשרת ציון,1
 מגדל,2
 מגדל,2
 מגדל,2
 מגדל,2
 מגדל העמק,2
 מגדל העמק,2
 מגדל העמק,2
 מגדל העמק,2
 מגדל העמק,2
 מגדל העמק,2
 מגדל העמק,2
 מגדל העמק,2
 מגדל העמק,2
 מגדל העמק,2
 מגדל העמק,2
 מגדל העמק,2
 מגדל העמק,2
 מגדל העמק,2
 מגדל העמק,2
 מגדל העמק,2
 מגדל העמק,2
 מגדל העמק,2
 מגדל העמק,2
 מגדל עוז,7
 מגידו,2
 מודיעין,4
 מודיעין,4
 מודיעין,4
 מודיעין,4
 מודיעין,4
 מודיעין,4
 מודיעין,4
 מודיעין,4
 מודיעין,4
 מודיעין,4
 מודיעין,4
 מודיעין,4
 מודיעין,4
 מודיעין,4
 מודיעין,4
 מודיעין,4
 מודיעין,4
 מודיעין,4
 מודיעין,4
 מודיעין,4
 מודיעין,4
 מודיעין,4
 מודיעין,4
 מודיעין,4
 מודיעין,4
 מודיעין,4
 מודיעין,4
 מודיעין,4
 מודיעין,4
 מודיעין,4
 מודיעין,4
 מודיעין,4
 מודיעין,4
 מודיעין,4
 מודיעין,4
 מודיעין,4
 מודיעין,4
 מודיעין,4
 מודיעין,4
 מודיעין,4
 מודיעין,4
 מודיעין,4
 מודיעין,4
 מודיעין,4
 מודיעין,4
 מודיעין,4
 מודיעין,4
 מודיעין,4
 מודיעין,4
 מודיעין,4
 מודיעין עילית,7
 מודיעין עילית,7
 מודיעין עילית,7
 מודיעין עילית,7
 מודיעין עילית,7
 מודיעין עילית,7
 מודיעין עילית,7
 מודיעין עילית,7
 מודיעין עילית,7
 מודיעין עילית,7
 מודיעין עילית,7
 מודיעין עילית,7
 מודיעין עילית,7
 מודיעין עילית,7
 מודיעין עילית,7
 מודיעין עילית,7
 מודיעין עילית,7
 חיפה,3
 מודיעין עילית,7
 מורשת,2
 מורשת,2
 מורשת,2
 מורשת,2
 מזכרת בתיה,4
 מזכרת בתיה,4
 מזכרת בתיה,4
 מזכרת בתיה,4
 מזכרת בתיה,4
 מזכרת בתיה,4
 מזכרת בתיה,4
 מחולה,7
 מטע,1
 מירב,2
 מירון,2
 מיתר,6
 מיתר,6
 מיתר,6
 מיתר,6
 מיתר,6
 מיתר,6
 מנוחה,6
 מנוחה,6
 מנוף,2
 מנות,2
 מסד,2
 מעגלים,6
 מעגלים,6
 מעון,7
 מעיין ברוך,2
 מעלה אדומים,7
 מעלה אדומים,7
 מעלה אדומים,7
 מעלה אדומים,7
 מעלה אדומים,7
 מעלה אדומים,7
 מעלה אדומים,7
 מעלה אדומים,7
 מעלה אדומים,7
 מעלה אדומים,7
 מעלה אדומים,7
 מעלה אדומים,7
 מעלה אדומים,7
 מעלה אדומים,7
 מעלה אדומים,7
 מעלה אדומים,7
 מעלה אדומים,7
 מעלה אדומים,7
 מעלה אדומים,7
 מעלה אדומים,7
 מעלה אדומים,7
 מעלה אדומים,7
 מעלה אדומים,7
 מעלה אדומים,7
 מעלה אדומים,7
 מעלה אדומים,7
 מעלה אדומים,7
 מעלה אדומים,7
 מעלה אדומים,7
 מעלה אדומים,7
 מעלה אדומים,7
 מעלה אדומים,7
 מעלה אדומים,7
 מעלה אדומים,7
 מעלה אדומים,7
 מעלה אדומים,7
 מעלה אדומים,7
 מעלה אדומים,7
 מעלה אדומים,7
 מעלה אדומים,7
 מעלה אדומים,7
 מעלה אדומים,7
 מעלה אדומים,7
 מעלה אדומים,7
 מעלה אדומים,7
 מעלה אדומים,7
 מעלה אפרים,7
 מעלה אפרים,7
 מעלה גלבוע,2
 מעלה גלבוע,2
 מעלה לבונה,7
 מעלה לבונה,7
 מעלה מכמש,7
 מעלה מכמש,7
 מעלה מכמש,7
 מעלה שומרון,7
 מעלה שומרון,7
 מעלות תרשיחא,2
 מעלות תרשיחא,2
 מעלות תרשיחא,2
 מעלות תרשיחא,2
 מעלות תרשיחא,2
 מעלות תרשיחא,2
 מעלות תרשיחא,2
 מעלות תרשיחא,2
 מעלות תרשיחא,2
 מעלות תרשיחא,2
 מעלות תרשיחא,2
 מעלות תרשיחא,2
 מעלות תרשיחא,2
 מעלות תרשיחא,2
 מעלות תרשיחא,2
 מעלות תרשיחא,2
 מעלות תרשיחא,2
 מעלות תרשיחא,2
 מפלסים,6
 מצדות יהודה,7
 הושעיה,2
 הושעיה,2
 מצפה יריחו,7
 מצפה יריחו,7
 מצפה יריחו,7
 מצפה יריחו,7
 מצפה יריחו,7
 מצפה יריחו,7
 מצפה יריחו,7
 מצפה יריחו,7
 מצפה יריחו,7
 מצפה יריחו,7
 מצפה יריחו,7
 מצפה יריחו,7
 מצפה נטופה,2
 מצפה רמון,6
 מצפה רמון,6
 מצפה רמון,6
 מצפה רמון,6
 מצפה רמון,6
 מצפה רמון,6
 מצפה רמון,6
 מרגליות,2
 מרכז שפירא,6
 מרכז שפירא,6
 מרכז שפירא,6
 מרכז שפירא,6
 מרכז שפירא,6
 מרכז שפירא,6
 מרכז שפירא,6
 מרכז שפירא,6
 מרכז שפירא,6
 משואות יצחק,6
 משמר איילון,4
 משמר השבעה,4
 נאות הכיכר,6
 נבטים,6
 נגוהות,7
 נהורה,6
 נהורה,6
 נהורה,6
 נהרייה,2
 נהרייה,2
 נהרייה,2
 נהרייה,2
 נהרייה,2
 נהרייה,2
 נהרייה,2
 נהרייה,2
 נהרייה,2
 נהרייה,2
 נהרייה,2
 נהרייה,2
 נהרייה,2
 נהרייה,2
 תל אביב -יפו,5
 נהרייה,2
 נהרייה,2
 נהרייה,2
 נהרייה,2
 נהרייה,2
 נהרייה,2
 נהרייה,2
 נהרייה,2
 נהרייה,2
 נהרייה,2
 נהרייה,2
 נהרייה,2
 נהרייה,2
 נהרייה,2
 נהרייה,2
 נהרייה,2
 נהרייה,2
 נהרייה,2
 נהרייה,2
 נהרייה,2
 נהרייה,2
 נהרייה,2
 נהרייה,2
 נהרייה,2
 נהרייה,2
 נהרייה,2
 נהרייה,2
 נהרייה,2
 נהרייה,2
 נהרייה,2
 נהרייה,2
 נהרייה,2
 נהרייה,2
 נהרייה,2
 נהרייה,2
 נהרייה,2
 נהרייה,2
 ירושלים,1
 נהרייה,2
 נהרייה,2
 נהרייה,2
 נהרייה,2
 נהרייה,2
 נהרייה,2
 נהרייה,2
 נהרייה,2
 נהרייה,2
 נהרייה,2
 נהרייה,2
 נוב,2
 נוב,2
 נווה אטיב,2
 נווה אטיב,2
 נווה דניאל,7
 נווה דניאל,7
 נווה דניאל,7
 נווה דניאל,7
 נווה דניאל,7
 נווה מיכאל,1
 נוף איילון,4
 נוף איילון,4
 נוף איילון,4
 נופים,7
 נופים,7
 נופית,3
 נופך,4
 נוקדים,7
 נורדייה,4
 נחושה,1
 נחושה,1
 נחלה,6
 נחלים,4
 נחלים,4
 נחם,1
 נילי,7
 ניצן,6
 ניצן,6
 ניצני עוז,4
 ניצנים,6
 ניצנים,6
 ניר גלים,4
 ניר ישראל,6
 ניר עציון,3
 ניר עציון,3
 ניר עציון,3
 ניר עציון,3
 נירית,4
 נס הרים,1
 נס הרים,1
 נס ציונה,4
 נס ציונה,4
 נס ציונה,4
 נס ציונה,4
 נס ציונה,4
 נס ציונה,4
 נס ציונה,4
 נס ציונה,4
 נס ציונה,4
 נס ציונה,4
 נס ציונה,4
 נס ציונה,4
 נס ציונה,4
 נס ציונה,4
 נס ציונה,4
 נס ציונה,4
 נס ציונה,4
 נס ציונה,4
 נס ציונה,4
 נס ציונה,4
 נצרת עילית,2
 נצרת עילית,2
 נצרת עילית,2
 נצרת עילית,2
 נצרת עילית,2
 נצרת עילית,2
 נצרת עילית,2
 נצרת עילית,2
 נצרת עילית,2
 נצרת עילית,2
 נצרת עילית,2
 נצרת עילית,2
 נצרת עילית,2
 נצרת עילית,2
 נצרת עילית,2
 נצרת עילית,2
 ירושלים,1
 נצרת עילית,2
 נצרת עילית,2
 נצרת עילית,2
 נריה,7
 נריה,7
 נריה,7
 נשר,3
 נשר,3
 נשר,3
 נשר,3
 נשר,3
 נשר,3
 נשר,3
 נשר,3
 נשר,3
 נשר,3
 נשר,3
 נשר,3
 עפולה,2
 נתיבות,6
 נתיבות,6
 נתיבות,6
 נתיבות,6
 נתיבות,6
 נתיבות,6
 נתיבות,6
 נתיבות,6
 נתיבות,6
 נתיבות,6
 נתיבות,6
 נתיבות,6
 נתיבות,6
 נתיבות,6
 נתיבות,6
 נתיבות,6
 נתיבות,6
 נתיבות,6
 נתיבות,6
 נתיבות,6
 נתיבות,6
 נתניה,4
 נתניה,4
 נתניה,4
 נתניה,4
 נתניה,4
 נתניה,4
 נתניה,4
 נתניה,4
 נתניה,4
 נתניה,4
 נתניה,4
 נתניה,4
 נתניה,4
 נתניה,4
 נתניה,4
 נתניה,4
 נתניה,4
 נתניה,4
 נתניה,4
 נתניה,4
 נתניה,4
 נתניה,4
 נתניה,4
 נתניה,4
 נתניה,4
 נתניה,4
 נתניה,4
 נתניה,4
 נתניה,4
 נתניה,4
 נתניה,4
 נתניה,4
 נתניה,4
 נתניה,4
 נתניה,4
 נתניה,4
 נתניה,4
 נתניה,4
 נתניה,4
 נתניה,4
 נתניה,4
 נתניה,4
 נתניה,4
 נתניה,4
 נתניה,4
 נתניה,4
 נתניה,4
 נתניה,4
 נתניה,4
 נתניה,4
 נתניה,4
 נתניה,4
 נתניה,4
 נתניה,4
 נתניה,4
 נתניה,4
 נתניה,4
 נתניה,4
 נתניה,4
 נתניה,4
 נתניה,4
 נתניה,4
 נתניה,4
 נתניה,4
 נתניה,4
 נתניה,4
 נתניה,4
 נתניה,4
 נתניה,4
 נתניה,4
 נתניה,4
 נתניה,4
 נתניה,4
 נתניה,4
 נתניה,4
 נתניה,4
 נתניה,4
 נתניה,4
 נתניה,4
 נתניה,4
 נתניה,4
 נתניה,4
 נתניה,4
 נתניה,4
 נתניה,4
 נתניה,4
 נתניה,4
 נתניה,4
 נתניה,4
 נתניה,4
 נתניה,4
 נתניה,4
 נתניה,4
 ירושלים,1
 נתניה,4
 נתניה,4
 נתניה,4
 נתניה,4
 נתניה,4
 נתניה,4
 נתניה,4
 נתניה,4
 נתניה,4
 נתניה,4
 נתניה,4
 נתניה,4
 נתניה,4
 נתניה,4
 נתניה,4
 נתניה,4
 נתניה,4
 נתניה,4
 נתניה,4
 נתניה,4
 נתניה,4
 נתניה,4
 נתניה,4
 נתניה,4
 נתניה,4
 נתניה,4
 נתניה,4
 נתניה,4
 נתניה,4
 נתניה,4
 נתניה,4
 נתניה,4
 נתניה,4
 נתניה,4
 נתניה,4
 נתניה,4
 נתניה,4
 נתניה,4
 נתניה,4
 נתניה,4
 נתניה,4
 נתניה,4
 נתניה,4
 נתניה,4
 נתניה,4
 נתניה,4
 נתניה,4
 נתניה,4
 נתניה,4
 נתניה,4
 נתניה,4
 נתניה,4
 נתניה,4
 נתניה,4
 נתניה,4
 נתניה,4
 נתניה,4
 נתניה,4
 נתניה,4
 נתניה,4
 נתניה,4
 נתניה,4
 נתניה,4
 נתניה,4
 נתניה,4
 נתניה,4
 נתניה,4
 נתניה,4
 סביון,4
 סוסיה,7
 סוסיה,7
 סעד,6
 סעד,6
 עגור,1
 עדי,2
 עומר,6
 עומר,6
 עומר,6
 עומר,6
 עזריאל,4
 עטרת,7
 עין הבשור,6
 עין הוד,3
 עין הנציב,2
 עין העמק,2
 עין חרוד,2
 עין צורים,6
 עין צורים,6
 עין צורים,6
 עכו,2
 עכו,2
 עכו,2
 עכו,2
 עכו,2
 עכו,2
 עכו,2
 עכו,2
 עכו,2
 עכו,2
 עכו,2
 עכו,2
 עכו,2
 עכו,2
 עכו,2
 עכו,2
 עכו,2
 עכו,2
 עכו,2
 עכו,2
 עכו,2
 עכו,2
 עכו,2
 עכו,2
 עכו,2
 עכו,2
 עכו,2
 עכו,2
 עכו,2
 עלומים,6
 עלי,7
 עלי,7
 עלי,7
 עלי,7
 עלי,7
 עלי,7
 עלי,7
 עלי,7
 עלי,7
 עלי זהב,7
 עלי זהב,7
 עמנואל,7
 ענב,7
 ענב,7
 עפולה,2
 עפולה,2
 עפולה,2
 עפולה,2
 עפולה,2
 עפולה,2
 עפולה,2
 עפולה,2
 עפולה,2
 עפולה,2
 עפולה,2
 עפולה,2
 עפולה,2
 עפולה,2
 עפולה,2
 עפולה,2
 עפולה,2
 עפולה,2
 עפולה,2
 עפולה,2
 עפולה,2
 עפולה,2
 עפולה,2
 עפולה,2
 עפולה,2
 עפולה,2
 עפולה,2
 עפולה,2
 עפולה,2
 עפולה,2
 עפולה,2
 עפרה,7
 עפרה,7
 עפרה,7
 עפרה,7
 עפרה,7
 עפרה,7
 בית אריה,7
 בית אריה,7
 עץ אפרים,7
 עץ אפרים,7
 ערד,6
 ערד,6
 ערד,6
 ערד,6
 ערד,6
 ערד,6
 עשהאל,7
 עשרת,4
 עתלית,3
 עתלית,3
 עתלית,3
 עתניאל,7
 עתניאל,7
 עתניאל,7
 עתניאל,7
 עתניאל,7
 פדואל,7
 פדואל,7
 פדואל,7
 פורת,4
 פורת,4
 פורת,4
 פלמחים,4
 פני קדם,7
 פסגות,7
 פסגות,7
 פסגות,7
 פרדס חנה כרכור,3
 פרדס חנה כרכור,3
 פרדס חנה כרכור,3
 פרדס חנה כרכור,3
 פרדס חנה כרכור,3
 פרדס חנה כרכור,3
 פרדס חנה כרכור,3
 פרדס חנה כרכור,3
 פרדס חנה כרכור,3
 פרדס חנה כרכור,3
 פרדס חנה כרכור,3
 פרדס חנה כרכור,3
 פרדס חנה כרכור,3
 פרדס חנה כרכור,3
 פרדס חנה כרכור,3
 פרדס חנה כרכור,3
 פרדס חנה כרכור,3
 פרדס חנה כרכור,3
 פרדס חנה כרכור,3
 פרדס חנה כרכור,3
 פרדס חנה כרכור,3
 פרדס חנה כרכור,3
 פרדס חנה כרכור,3
 פרדס חנה כרכור,3
 קריית מלאכי,6
 פרדס חנה כרכור,3
 פרדסייה,5
 פרדסייה,5
 פרדסייה,5
 פרדסייה,5
 פרדסייה,5
 פרדסייה,5
 פתח תקווה,4
 פתח תקווה,4
 פתח תקווה,4
 פתח תקווה,4
 פתח תקווה,4
 פתח תקווה,4
 פתח תקווה,4
 פתח תקווה,4
 פתח תקווה,4
 פתח תקווה,4
 פתח תקווה,4
 פתח תקווה,4
 פתח תקווה,4
 פתח תקווה,4
 פתח תקווה,4
 פתח תקווה,4
 פתח תקווה,4
 פתח תקווה,4
 פתח תקווה,4
 פתח תקווה,4
 פתח תקווה,4
 פתח תקווה,4
 פתח תקווה,4
 פתח תקווה,4
 פתח תקווה,4
 עפולה,2
 פתח תקווה,4
 פתח תקווה,4
 פתח תקווה,4
 פתח תקווה,4
 פתח תקווה,4
 פתח תקווה,4
 פתח תקווה,4
 פתח תקווה,4
 פתח תקווה,4
 פתח תקווה,4
 פתח תקווה,4
 פתח תקווה,4
 פתח תקווה,4
 פתח תקווה,4
 פתח תקווה,4
 פתח תקווה,4
 פתח תקווה,4
 פתח תקווה,4
 פתח תקווה,4
 פתח תקווה,4
 פתח תקווה,4
 פתח תקווה,4
 פתח תקווה,4
 פתח תקווה,4
 פתח תקווה,4
 פתח תקווה,4
 פתח תקווה,4
 פתח תקווה,4
 פתח תקווה,4
 פתח תקווה,4
 פתח תקווה,4
 פתח תקווה,4
 פתח תקווה,4
 פתח תקווה,4
 פתח תקווה,4
 פתח תקווה,4
 פתח תקווה,4
 פתח תקווה,4
 פתח תקווה,4
 פתח תקווה,4
 פתח תקווה,4
 פתח תקווה,4
 פתח תקווה,4
 פתח תקווה,4
 פתח תקווה,4
 פתח תקווה,4
 פתח תקווה,4
 פתח תקווה,4
 פתח תקווה,4
 פתח תקווה,4
 פתח תקווה,4
 פתח תקווה,4
 פתח תקווה,4
 פתח תקווה,4
 פתח תקווה,4
 פתח תקווה,4
 פתח תקווה,4
 פתח תקווה,4
 פתח תקווה,4
 פתח תקווה,4
 פתח תקווה,4
 פתח תקווה,4
 פתח תקווה,4
 פתח תקווה,4
 פתח תקווה,4
 פתח תקווה,4
 פתח תקווה,4
 פתח תקווה,4
 פתח תקווה,4
 פתח תקווה,4
 פתח תקווה,4
 פתח תקווה,4
 פתח תקווה,4
 פתח תקווה,4
 פתח תקווה,4
 פתח תקווה,4
 פתח תקווה,4
 פתח תקווה,4
 פתח תקווה,4
 מודיעין,4
 פתח תקווה,4
 פתח תקווה,4
 פתח תקווה,4
 פתח תקווה,4
 פתח תקווה,4
 פתח תקווה,4
 פתח תקווה,4
 פתח תקווה,4
 פתח תקווה,4
 פתח תקווה,4
 פתח תקווה,4
 פתח תקווה,4
 פתח תקווה,4
 פתח תקווה,4
 פתח תקווה,4
 פתח תקווה,4
 פתח תקווה,4
 פתח תקווה,4
 פתח תקווה,4
 פתח תקווה,4
 פתח תקווה,4
 פתח תקווה,4
 פתח תקווה,4
 פתח תקווה,4
 פתח תקווה,4
 פתח תקווה,4
 פתח תקווה,4
 פתח תקווה,4
 פתח תקווה,4
 פתח תקווה,4
 פתח תקווה,4
 פתח תקווה,4
 פתח תקווה,4
 פתח תקווה,4
 פתח תקווה,4
 פתח תקווה,4
 פתח תקווה,4
 פתח תקווה,4
 פתח תקווה,4
 פתח תקווה,4
 פתח תקווה,4
 פתח תקווה,4
 פתח תקווה,4
 פתח תקווה,4
 פתח תקווה,4
 פתח תקווה,4
 פתח תקווה,4
 פתח תקווה,4
 פתח תקווה,4
 פתח תקווה,4
 פתח תקווה,4
 פתח תקווה,4
 פתח תקווה,4
 פתח תקווה,4
 פתח תקווה,4
 פתח תקווה,4
 פתח תקווה,4
 פתח תקווה,4
 פתח תקווה,4
 פתח תקווה,4
 פתח תקווה,4
 פתח תקווה,4
 פתח תקווה,4
 פתח תקווה,4
 פתח תקווה,4
 פתח תקווה,4
 פתח תקווה,4
 פתח תקווה,4
 פתח תקווה,4
 פתח תקווה,4
 פתח תקווה,4
 פתח תקווה,4
 פתח תקווה,4
 פתח תקווה,4
 פתח תקווה,4
 פתח תקווה,4
 פתח תקווה,4
 פתח תקווה,4
 פתח תקווה,4
 פתח תקווה,4
 פתח תקווה,4
 פתח תקווה,4
 פתח תקווה,4
 פתח תקווה,4
 פתח תקווה,4
 פתח תקווה,4
 פתח תקווה,4
 פתח תקווה,4
 לוד,4
 צופים,7
 צופים,7
 צופים,7
 צור הדסה,1
 צור הדסה,1
 צור הדסה,1
 צור הדסה,1
 צור הדסה,1
 כוכב יאיר,4
 צפרייה,4
 צפרייה,4
 צפרייה,4
 צפת,2
 צפת,2
 צפת,2
 צפת,2
 צפת,2
 צפת,2
 צפת,2
 צפת,2
 צפת,2
 צפת,2
 צפת,2
 צפת,2
 צפת,2
 צפת,2
 צפת,2
 צפת,2
 צפת,2
 צפת,2
 צפת,2
 צפת,2
 צפת,2
 צפת,2
 צפת,2
 צפת,2
 צפת,2
 צפת,2
 צפת,2
 צפת,2
 צפת,2
 צפת,2
 צפת,2
 צפת,2
 צפת,2
 צפת,2
 צפת,2
 צפת,2
 צפת,2
 תל אביב -יפו,5
 צפת,2
 צפת,2
 צפת,2
 צפת,2
 צפת,2
 צפת,2
 צפת,2
 צפת,2
 צפת,2
 נתניה,4
 צפת,2
 צפת,2
 צפת,2
 צפת,2
 צפת,2
 צפת,2
 צפת,2
 צפת,2
 צפת,2
 צפת,2
 צפת,2
 צפת,2
 צפת,2
 קבוצת יבנה,4
 קדומים,7
 קדומים,7
 קדומים,7
 קדומים,7
 קדומים,7
 קדומים,7
 קדומים,7
 קדומים,7
 קדומים,7
 קדומים,7
 קדומים,7
 קדומים,7
 קדימה,4
 קדימה,4
 קדימה,4
 קדימה,4
 קדרון,4
 קיסריה,3
 קיסריה,3
 קלע,2
 קצרין,2
 קצרין,2
 קצרין,2
 קצרין,2
 קצרין,2
 קצרין,2
 קצרין,2
 קריות,3
 קרית אונו,5
 קרית אונו,5
 קרית אונו,5
 קרית אונו,5
 קרית אונו,5
 קרית אונו,5
 קרית אונו,5
 קרית אונו,5
 קרית אונו,5
 קרית אונו,5
 קרית אונו,5
 קרית אונו,5
 קרית אונו,5
 קרית אונו,5
 קרית אונו,5
 קרית אונו,5
 קרית אונו,5
 קריית ארבע,7
 קריית ארבע,7
 קריית ארבע,7
 קריית ארבע,7
 קריית ארבע,7
 קריית ארבע,7
 קריית ארבע,7
 קריית ארבע,7
 קריית ארבע,7
 קריית ארבע,7
 קריית ארבע,7
 קריית ארבע,7
 קריית ארבע,7
 קריית אתא,3
 קריית אתא,3
 קריית אתא,3
 קריית אתא,3
 קריית אתא,3
 קריית אתא,3
 קריית אתא,3
 קריית אתא,3
 קריית אתא,3
 קריית אתא,3
 קריית אתא,3
 קריית אתא,3
 קריית אתא,3
 קריית אתא,3
 קריית אתא,3
 קריית אתא,3
 קריית אתא,3
 שדרות,6
 קריית אתא,3
 קריית אתא,3
 קריית אתא,3
 קריית אתא,3
 קריית אתא,3
 קריית אתא,3
 קריית אתא,3
 קריית אתא,3
 קריית אתא,3
 קריית אתא,3
 קריית אתא,3
 קריית אתא,3
 קריית אתא,3
 קריית אתא,3
 קריית אתא,3
 קריית אתא,3
 קריית אתא,3
 קריית אתא,3
 קריית אתא,3
 קריית אתא,3
 קריית אתא,3
 קריית ביאליק,3
 קריית ביאליק,3
 קריית ביאליק,3
 קריית ביאליק,3
 קריית ביאליק,3
 קריית ביאליק,3
 קריית ביאליק,3
 קריית ביאליק,3
 קריית ביאליק,3
 קריית ביאליק,3
 קריית ביאליק,3
 קריית ביאליק,3
 קריית ביאליק,3
 קריית ביאליק,3
 קריית ביאליק,3
 קריית גת,6
 קריית גת,6
 קריית גת,6
 קריית גת,6
 קריית גת,6
 קריית גת,6
 קריית גת,6
 קריית גת,6
 קריית גת,6
 קריית גת,6
 קריית גת,6
 קריית גת,6
 קריית גת,6
 קריית גת,6
 קריית גת,6
 קריית גת,6
 קריית גת,6
 קריית גת,6
 קריית גת,6
 קריית גת,6
 קריית גת,6
 קריית גת,6
 קריית גת,6
 קריית גת,6
 קריית גת,6
 קריית גת,6
 קריית גת,6
 קריית גת,6
 קריית גת,6
 קריית גת,6
 קריית גת,6
 קריית גת,6
 קריית גת,6
 קריית גת,6
 קריית גת,6
 קריית גת,6
 קריית גת,6
 קריית גת,6
 קריית גת,6
 קריית גת,6
 קריית גת,6
 קריית גת,6
 קריית גת,6
 קריית גת,6
קריית חיים,3
קריית חיים,3
קריית חיים,3
קריית חיים,3
קריית חיים,3
קריית חיים,3
קריית חיים,3
 קריית טבעון,3
 קריית טבעון,3
 קריית טבעון,3
 קריית טבעון,3
 קריית טבעון,3
 קריית טבעון,3
 קריית טבעון,3
 קריית טבעון,3
 קריית ים,3
 קריית ים,3
 קריית ים,3
 קריית ים,3
 קריית ים,3
 קריית ים,3
 קריית ים,3
 קריית ים,3
 קריית ים,3
 קריית ים,3
 קריית ים,3
 קריית ים,3
 קריית ים,3
 נשר,3
 קריית ים,3
 קריית ים,3
 קריית יערים,1
 קריית יערים,1
 קריית יערים,1
 קריית מוצקין,3
 קריית מוצקין,3
 קריית מוצקין,3
 קריית מוצקין,3
 קריית מוצקין,3
 קריית מוצקין,3
 קריית מוצקין,3
 קריית מוצקין,3
 קריית מוצקין,3
 קריית מוצקין,3
 קריית מוצקין,3
 קריית מוצקין,3
 קריית מוצקין,3
 קריית מוצקין,3
 קריית מוצקין,3
 קריית מוצקין,3
 קריית מוצקין,3
 קריית מוצקין,3
 קריית מוצקין,3
 קריית מוצקין,3
 קריית מוצקין,3
 קריית מוצקין,3
 קריית מוצקין,3
 קריית מלאכי,6
 קריית מלאכי,6
 קריית מלאכי,6
 קריית מלאכי,6
 קריית מלאכי,6
 קריית מלאכי,6
 קריית מלאכי,6
 קריית מלאכי,6
 קריית מלאכי,6
 קריית מלאכי,6
 קריית מלאכי,6
 קריית מלאכי,6
 קריית מלאכי,6
 קריית מלאכי,6
 קריית מלאכי,6
 קריית מלאכי,6
 קריית מלאכי,6
 קריית נטפים,7
 קריית נטפים,7
 קריית נטפים,7
 מודיעין עילית,7
 מודיעין עילית,7
 קריית עקרון,4
 קריית עקרון,4
 קריית עקרון,4
 קריית עקרון,4
 קריית עקרון,4
 קריית עקרון,4
 קריית עקרון,4
 קריית עקרון,4
 קריית עקרון,4
 קריית עקרון,4
 קריית עקרון,4
 קריית שמואל,3
 קריית שמואל,3
 קריית שמואל,3
 קריית שמואל,3
 קריית שמואל,3
 קריית שמואל,3
 קריית שמואל,3
 קריית שמואל,3
 קריית שמואל,3
 קריית שמואל,3
 קריית שמואל,3
 קריית שמואל,3
 קריית שמואל,3
 קריית שמואל,3
 קריית שמואל,3
 קריית שמונה,2
 קריית שמונה,2
 קריית שמונה,2
 קריית שמונה,2
 קריית שמונה,2
 קריית שמונה,2
 קריית שמונה,2
 קריית שמונה,2
 קריית שמונה,2
 קריית שמונה,2
 קריית שמונה,2
 קריית שמונה,2
 קריית שמונה,2
 קריית שמונה,2
 קריית שמונה,2
 קריית שמונה,2
 קריית שמונה,2
 קריית שמונה,2
 קריית שמונה,2
 קריית שמונה,2
 קריית שמונה,2
 קריית שמונה,2
 קריית שמונה,2
 קריית שמונה,2
 קריית שמונה,2
 קריית שמונה,2
 קריית שמונה,2
 קריית שמונה,2
 קרני שומרון,7
 קרני שומרון,7
 קרני שומרון,7
 קרני שומרון,7
 קרני שומרון,7
 קרני שומרון,7
 קרני שומרון,7
 קרני שומרון,7
 קרני שומרון,7
 קרני שומרון,7
 קרני שומרון,7
 קרני שומרון,7
 קשת,2
 קשת,2
 ראש הנקרה,2
 ראש העין,4
 ראש העין,4
 ראש העין,4
 ראש העין,4
 עפולה,2
 ראש העין,4
 ראש העין,4
 ראש העין,4
 ראש העין,4
 ראש העין,4
 ראש העין,4
 ראש העין,4
 ראש העין,4
 ראש העין,4
 ראש העין,4
 ראש העין,4
 ראש העין,4
 ראש העין,4
 ראש העין,4
 ראש העין,4
 ראש העין,4
 ראש העין,4
 ראש העין,4
 ראש העין,4
 ראש העין,4
 ראש העין,4
 ראש העין,4
 ראש העין,4
 ראש העין,4
 ראש העין,4
 ראש העין,4
 ראש העין,4
 ראש העין,4
 ראש פינה,2
 ראש פינה,2
 ראש פינה,2
 ראש פינה,2
 ראש צורים,7
 ראש צורים,7
 ראשון לציון,4
 ראשון לציון,4
 ראשון לציון,4
 ראשון לציון,4
 ראשון לציון,4
 ראשון לציון,4
 ראשון לציון,4
 ראשון לציון,4
 לוד,4
 ראשון לציון,4
 ראשון לציון,4
 ראשון לציון,4
 ראשון לציון,4
 ראשון לציון,4
 ראשון לציון,4
 ראשון לציון,4
 ראשון לציון,4
 ראשון לציון,4
 ראשון לציון,4
 ראשון לציון,4
 ראשון לציון,4
 ראשון לציון,4
 ראשון לציון,4
 ראשון לציון,4
 ראשון לציון,4
 ראשון לציון,4
 ראשון לציון,4
 ראשון לציון,4
 ראשון לציון,4
 ראשון לציון,4
 ראשון לציון,4
 ראשון לציון,4
 ראשון לציון,4
 ראשון לציון,4
 ראשון לציון,4
 ראשון לציון,4
 ראשון לציון,4
 ראשון לציון,4
 ראשון לציון,4
 ראשון לציון,4
 ראשון לציון,4
 ראשון לציון,4
 ראשון לציון,4
 ראשון לציון,4
 ראשון לציון,4
 ראשון לציון,4
 ראשון לציון,4
 ראשון לציון,4
 ראשון לציון,4
 ראשון לציון,4
 ראשון לציון,4
 ראשון לציון,4
 ראשון לציון,4
 ראשון לציון,4
 ראשון לציון,4
 ראשון לציון,4
 ראשון לציון,4
 ראשון לציון,4
 ראשון לציון,4
 ראשון לציון,4
 ראשון לציון,4
 ראשון לציון,4
 ראשון לציון,4
 ראשון לציון,4
 ראשון לציון,4
 ראשון לציון,4
 ראשון לציון,4
 ראשון לציון,4
 ראשון לציון,4
 ראשון לציון,4
 ראשון לציון,4
 ראשון לציון,4
 ראשון לציון,4
 ראשון לציון,4
 ראשון לציון,4
 ראשון לציון,4
 ראשון לציון,4
 ראשון לציון,4
 ראשון לציון,4
 ראשון לציון,4
 ראשון לציון,4
 ראשון לציון,4
 ראשון לציון,4
 ראשון לציון,4
 ראשון לציון,4
 ראשון לציון,4
 ראשון לציון,4
 ראשון לציון,4
 ראשון לציון,4
 ראשון לציון,4
 ראשון לציון,4
 ראשון לציון,4
 ראשון לציון,4
 ראשון לציון,4
 ראשון לציון,4
 ראשון לציון,4
 ראשון לציון,4
 ראשון לציון,4
 ראשון לציון,4
 ראשון לציון,4
 ראשון לציון,4
 ראשון לציון,4
 ראשון לציון,4
 ראשון לציון,4
 ראשון לציון,4
 ראשון לציון,4
 ראשון לציון,4
 ראשון לציון,4
 ראשון לציון,4
 ראשון לציון,4
 ראשון לציון,4
 ראשון לציון,4
 ראשון לציון,4
 ראשון לציון,4
 ראשון לציון,4
 ראשון לציון,4
 ראשון לציון,4
 ראשון לציון,4
 ראשון לציון,4
 ראשון לציון,4
 רבבה,7
 רבבה,7
 רבבה,7
 רחוב,2
 רחוב,2
 רחובות,4
 רחובות,4
 רחובות,4
 רחובות,4
 רחובות,4
 רחובות,4
 רחובות,4
 רחובות,4
 רחובות,4
 רחובות,4
 רחובות,4
 רחובות,4
 רחובות,4
 רחובות,4
 רחובות,4
 רחובות,4
 רחובות,4
 רחובות,4
 רחובות,4
 רחובות,4
 רחובות,4
 רחובות,4
 רחובות,4
 רחובות,4
 רחובות,4
 רחובות,4
 רחובות,4
 רחובות,4
 רחובות,4
 רחובות,4
 רחובות,4
 רחובות,4
 רחובות,4
 רחובות,4
 רחובות,4
 רחובות,4
 רחובות,4
 רחובות,4
 רחובות,4
 רחובות,4
 רחובות,4
 רחובות,4
 רחובות,4
 רחובות,4
 רחובות,4
 רחובות,4
 רחובות,4
 רחובות,4
 רחובות,4
 רחובות,4
 רחובות,4
 רחובות,4
 רחובות,4
 רחובות,4
 רחובות,4
 רחובות,4
 רחובות,4
 רחובות,4
 רחובות,4
 רחובות,4
 רחובות,4
 רחובות,4
 רחובות,4
 רחובות,4
 רחובות,4
 רחובות,4
 רחובות,4
 רחובות,4
 רחובות,4
 רחובות,4
 רחובות,4
 רחובות,4
 רחובות,4
 רחובות,4
 רחובות,4
 רחובות,4
 רחובות,4
 רחובות,4
 רחובות,4
 רחובות,4
 רחובות,4
 רחובות,4
 רחובות,4
 רחובות,4
 רחובות,4
 רחובות,4
 רחובות,4
 רחובות,4
 רחובות,4
 רחובות,4
 רחובות,4
 רחובות,4
 רחובות,4
 רחובות,4
 רחובות,4
 רחובות,4
 רחובות,4
 רחובות,4
 רחובות,4
 רחובות,4
 רחובות,4
 רחובות,4
 רחובות,4
 רחובות,4
 רחובות,4
 רחובות,4
 רחובות,4
 רחובות,4
 רחובות,4
 רחובות,4
 רחובות,4
 רחובות,4
 רחובות,4
 רחובות,4
 רחובות,4
 רחובות,4
 רחובות,4
 רחובות,4
 רחובות,4
 רחובות,4
 רחובות,4
 רחובות,4
 רחובות,4
 רחובות,4
 רחלים,7
 רכסים,3
 רכסים,3
 רכסים,3
 רכסים,3
 רכסים,3
 רכסים,3
 רכסים,3
 רכסים,3
 רכסים,3
 רכסים,3
 רכסים,3
 רכסים,3
 רכסים,3
 רכסים,3
 רמות השבים,4
 רמות השבים,4
 רמלה,4
 רמלה,4
 רמלה,4
 רמלה,4
 רמלה,4
 רמלה,4
 רמלה,4
 רמלה,4
 רמלה,4
 רמלה,4
 רמלה,4
 רמלה,4
 רמלה,4
 רמלה,4
 רמלה,4
 רמלה,4
 רמלה,4
 רמלה,4
 רמלה,4
 רמלה,4
 רמלה,4
 רמלה,4
 רמלה,4
 רמלה,4
 רמלה,4
 רמלה,4
 רמלה,4
 רמלה,4
 רמלה,4
 רמלה,4
 רמלה,4
 רמלה,4
 רמלה,4
 רמלה,4
 תל אביב -יפו,5
 תל אביב -יפו,5
 תל אביב -יפו,5
 תל אביב -יפו,5
 תל אביב -יפו,5
 תל אביב -יפו,5
 תל אביב -יפו,5
 תל אביב -יפו,5
 תל אביב -יפו,5
 רמת גן,5
 בית שמש,1
 בית שמש,1
 בית שמש,1
 בית שמש,1
 בית שמש,1
 בית שמש,1
 בית שמש,1
 בית שמש,1
 בית שמש,1
 בית שמש,1
 בית שמש,1
 בית שמש,1
 בית שמש,1
 בית שמש,1
 בית שמש,1
 בית שמש,1
 בית שמש,1
 בית שמש,1
 רמת גן,5
 רמת גן,5
 רמת גן,5
 רמת גן,5
 רמת גן,5
 רמת גן,5
 רמת גן,5
 רמת גן,5
 רמת גן,5
 רמת גן,5
 רמת גן,5
 רמת גן,5
 רמת גן,5
 רמת גן,5
 רמת גן,5
 רמת גן,5
 רמת גן,5
 רמת גן,5
 רמת גן,5
 רמת גן,5
 רמת גן,5
 רמת גן,5
 רמת גן,5
 רמת גן,5
 רמת גן,5
 רמת גן,5
 רמת גן,5
 רמת גן,5
 רמת גן,5
 רמת גן,5
 רמת גן,5
 רמת גן,5
 רמת גן,5
 רמת גן,5
 בני ברק,5
 רמת גן,5
 רמת גן,5
 רמת גן,5
 רמת גן,5
 רמת גן,5
 רמת גן,5
 רמת גן,5
 רמת גן,5
 רמת גן,5
 רמת גן,5
 רמת גן,5
 רמת גן,5
 רמת גן,5
 רמת גן,5
 רמת גן,5
 רמת גן,5
 רמת גן,5
 רמת גן,5
 רמת גן,5
 רמת גן,5
 רמת גן,5
 רמת גן,5
 רמת גן,5
 רמת גן,5
 רמת גן,5
 רמת גן,5
 רמת גן,5
 ירושלים,1
 רמת גן,5
 רמת גן,5
 רמת גן,5
 רמת גן,5
 רמת גן,5
 רמת גן,5
 רמת גן,5
 רמת גן,5
 רמת גן,5
 רמת גן,5
 רמת גן,5
 רמת גן,5
 רמת גן,5
 רמת גן,5
 רמת גן,5
 רמת גן,5
 רמת גן,5
 רמת גן,5
 רמת השרון,5
 רמת השרון,5
 רמת השרון,5
 רמת השרון,5
 רמת השרון,5
 רמת השרון,5
 רמת השרון,5
 רמת השרון,5
 רמת השרון,5
 רמת השרון,5
 רמת השרון,5
 רמת השרון,5
 רמת השרון,5
 רמת השרון,5
 רמת השרון,5
 רמת השרון,5
 רמת השרון,5
 רמת השרון,5
 רמת השרון,5
 רמת השרון,5
 רמת השרון,5
 רמת השרון,5
 רמת השרון,5
 רמת השרון,5
 רמת ישי,2
 רמת ישי,2
 רמת ישי,2
 רמת ישי,2
 רמת מגשימים,2
 רמת מגשימים,2
 אור יהודה,5
 אור יהודה,5
 רמת רזיאל,1
 מודיעין,4
 מודיעין,4
 מודיעין,4
 רעננה,4
 רעננה,4
 רעננה,4
 רעננה,4
 רעננה,4
 רעננה,4
 רעננה,4
 רעננה,4
 רעננה,4
 רעננה,4
 רעננה,4
 רעננה,4
 רעננה,4
 רעננה,4
 רעננה,4
 רעננה,4
 רעננה,4
 רעננה,4
 רעננה,4
 רעננה,4
 רעננה,4
 רעננה,4
 רעננה,4
 רעננה,4
 רעננה,4
 רעננה,4
 רעננה,4
 רעננה,4
 רעננה,4
 רעננה,4
 רעננה,4
 רעננה,4
 רעננה,4
 רעננה,4
 רעננה,4
 רעננה,4
 רעננה,4
 רעננה,4
 רעננה,4
 רעננה,4
 רעננה,4
 רעננה,4
 רעננה,4
 רעננה,4
 רעננה,4
 רעננה,4
 רעננה,4
 רעננה,4
 רעננה,4
 רעננה,4
 רעננה,4
 רעננה,4
 רעננה,4
 רעננה,4
 רעננה,4
 רעננה,4
 רעננה,4
 רעננה,4
 רעננה,4
 רתמים,6
 שאר ישוב,2
 שבות רחל,7
 שבות רחל,7
 שבי דרום,6
 שבי שומרון,7
 שבי שומרון,7
 שבי שומרון,7
 שבי שומרון,7
 שיבולים,6
 שדה אילן,2
 שדה אליהו,2
 שדה אליעזר,2
 שדה ורבורג,4
 שדה יעקב,2
 שדה נחמיה,2
 שדה נחמיה,2
 שדה עוזיהו,6
 שדה עוזיהו,6
 שדה עוזיהו,6
 שדי תרומות,2
 שדמות מחולה,7
 שדמות מחולה,7
 שדרות,6
 שדרות,6
 שדרות,6
 שדרות,6
 שדרות,6
 שדרות,6
 שדרות,6
 שדרות,6
 שדרות,6
 שדרות,6
 שדרות,6
 שדרות,6
 שדרות,6
 שדרות,6
 שדרות,6
 שדרות,6
 שדרות,6
 שדרות,6
 שדרות,6
 שדרות,6
 שדרות,6
 שדרות,6
 שדרות,6
 שדרות,6
 שדרות,6
 שדרות,6
 שדרות,6
 שואבה,1
 שובה,6
 שוהם,4
 שוהם,4
 שוהם,4
 שוהם,4
 שוהם,4
 שוהם,4
 שוהם,4
 שוהם,4
 שוהם,4
 שוהם,4
 שוהם,4
 שוהם,4
 שוהם,4
 שוהם,4
 שומרייה,6
 שוקדה,6
 שוקדה,6
 שורש,1
 שחר,6
 שחר,6
 שילה,7
 שילה,7
 שילה,7
 שילה,7
 שילה,7
 שילה,7
 שמשית,2
 שלוחות,2
 שלומי,2
 שלומי,2
 שלומי,2
 שלומי,2
 שלומי,2
 שלומי,2
 שלומי,2
 שלומי,2
 שלומי,2
 שלומי,2
 שלומי,2
 שלומי,2
 שלומי,2
 שלומי,2
 שלומי,2
 שעלבים,4
 שעלבים,4
 שעלבים,4
 שערי תקווה,4
 שערי תקווה,4
 שערי תקווה,4
 שערי תקווה,4
 שערי תקווה,4
 שערי תקווה,4
 שערי תקווה,4
 שפיים,4
 שפיר,6
 שפיר,6
 שקף,6
 שקף,6
 שקף,6
 שתולה,2
 שתולים,6
 שתולים,6
 תושייה,6
 תירוש,1
 תל אביב -יפו,5
 תל אביב -יפו,5
 תל אביב -יפו,5
 תל אביב -יפו,5
 תל אביב -יפו,5
 תל אביב -יפו,5
 תל אביב -יפו,5
 תל אביב -יפו,5
 תל אביב -יפו,5
 תל אביב -יפו,5
 תל אביב -יפו,5
 תל אביב -יפו,5
 תל אביב -יפו,5
 תל אביב -יפו,5
 תל אביב -יפו,5
 תל אביב -יפו,5
 תל אביב -יפו,5
 תל אביב -יפו,5
 תל אביב -יפו,5
 תל אביב -יפו,5
 תל אביב -יפו,5
 תל אביב -יפו,5
 תל אביב -יפו,5
 תל אביב -יפו,5
 תל אביב -יפו,5
 תל אביב -יפו,5
 תל אביב -יפו,5
 תל אביב -יפו,5
 תל אביב -יפו,5
 תל אביב -יפו,5
 תל אביב -יפו,5
 תל אביב -יפו,5
 תל אביב -יפו,5
 תל אביב -יפו,5
 תל אביב -יפו,5
 תל אביב -יפו,5
 תל אביב -יפו,5
 תל אביב -יפו,5
 תל אביב -יפו,5
 תל אביב -יפו,5
 תל אביב -יפו,5
 תל אביב -יפו,5
 תל אביב -יפו,5
 תל אביב -יפו,5
 תל אביב -יפו,5
 תל אביב -יפו,5
 ירושלים,1
 תל אביב -יפו,5
 תל אביב -יפו,5
 תל אביב -יפו,5
 תל אביב -יפו,5
 תל אביב -יפו,5
 תל אביב -יפו,5
 תל אביב -יפו,5
 תל אביב -יפו,5
 תל אביב -יפו,5
 תל אביב -יפו,5
 תל אביב -יפו,5
 תל אביב -יפו,5
 תל אביב -יפו,5
 תל אביב -יפו,5
 תל אביב -יפו,5
 תל אביב -יפו,5
 תל אביב -יפו,5
 תל אביב -יפו,5
 תל אביב -יפו,5
 תל אביב -יפו,5
 תל אביב -יפו,5
 תל אביב -יפו,5
 תל אביב -יפו,5
 תל אביב -יפו,5
 תל אביב -יפו,5
 תל אביב -יפו,5
 תל אביב -יפו,5
 תל אביב -יפו,5
 תל אביב -יפו,5
 ראשון לציון,4
 תל אביב -יפו,5
 תל אביב -יפו,5
 תל אביב -יפו,5
 תל אביב -יפו,5
 תל אביב -יפו,5
 תל אביב -יפו,5
 תל אביב -יפו,5
 תל אביב -יפו,5
 תל אביב -יפו,5
 תל אביב -יפו,5
 תל אביב -יפו,5
 תל אביב -יפו,5
 תל אביב -יפו,5
 תל אביב -יפו,5
 תל אביב -יפו,5
 תל אביב -יפו,5
 תל אביב -יפו,5
 תל אביב -יפו,5
 תל אביב -יפו,5
 תל אביב -יפו,5
 תל אביב -יפו,5
 תל אביב -יפו,5
 תל אביב -יפו,5
 תל אביב -יפו,5
 תל אביב -יפו,5
 תל אביב -יפו,5
 תל אביב -יפו,5
 תל אביב -יפו,5
 תל אביב -יפו,5
 תל אביב -יפו,5
 תל אביב -יפו,5
 תל אביב -יפו,5
 תל אביב -יפו,5
 תל אביב -יפו,5
 תל אביב -יפו,5
 תל אביב -יפו,5
 תל אביב -יפו,5
 תל אביב -יפו,5
 תל אביב -יפו,5
 תל אביב -יפו,5
 תל אביב -יפו,5
 תל אביב -יפו,5
 תל אביב -יפו,5
 תל אביב -יפו,5
 תל אביב -יפו,5
 תל אביב -יפו,5
 תל אביב -יפו,5
 תל אביב -יפו,5
 תל אביב -יפו,5
 תל אביב -יפו,5
 תל אביב -יפו,5
 תל אביב -יפו,5
 תל אביב -יפו,5
 תל אביב -יפו,5
 תל אביב -יפו,5
 תל אביב -יפו,5
 תל אביב -יפו,5
 תל אביב -יפו,5
 תל אביב -יפו,5
 תל אביב -יפו,5
 תל אביב -יפו,5
 תל אביב -יפו,5
 תל אביב -יפו,5
 תל אביב -יפו,5
 תל אביב -יפו,5
 תל אביב -יפו,5
 תל אביב -יפו,5
 תל אביב -יפו,5
 תל אביב -יפו,5
 תל אביב -יפו,5
 תל אביב -יפו,5
 תל אביב -יפו,5
 תל אביב -יפו,5
 תל אביב -יפו,5
 תל אביב -יפו,5
 תל אביב -יפו,5
 תל אביב -יפו,5
 תל אביב -יפו,5
 תל אביב -יפו,5
 תל אביב -יפו,5
 תל אביב -יפו,5
 תל אביב -יפו,5
 תל אביב -יפו,5
 תל אביב -יפו,5
 ירושלים,1
 תל אביב -יפו,5
 תל אביב -יפו,5
 תל אביב -יפו,5
 תל אביב -יפו,5
 תל אביב -יפו,5
 תל אביב -יפו,5
 תל אביב -יפו,5
 תל אביב -יפו,5
 תל אביב -יפו,5
 תל אביב -יפו,5
 תל אביב -יפו,5
 תל אביב -יפו,5
 תל אביב -יפו,5
 תל אביב -יפו,5
 תל אביב -יפו,5
 תל אביב -יפו,5
 קריית גת,6
 תל אביב -יפו,5
 תל אביב -יפו,5
 תל אביב -יפו,5
 תל אביב -יפו,5
 תל אביב -יפו,5
 תל אביב -יפו,5
 תל אביב -יפו,5
 תל אביב -יפו,5
 תל אביב -יפו,5
 תל אביב -יפו,5
 תל אביב -יפו,5
 תל אביב -יפו,5
 תל אביב -יפו,5
 תל אביב -יפו,5
 תל אביב -יפו,5
 תל אביב -יפו,5
 תל אביב -יפו,5
 תל אביב -יפו,5
 תל אביב -יפו,5
 תל אביב -יפו,5
 תל אביב -יפו,5
 תל אביב -יפו,5
 תל אביב -יפו,5
 תל אביב -יפו,5
 תל אביב -יפו,5
 תל אביב -יפו,5
 תל אביב -יפו,5
 תל אביב -יפו,5
 תל יוסף,2
 תל מונד,4
 תל מונד,4
 תל מונד,4
 תל מונד,4
 תל מונד,4
 תל מונד,4
 תל מונד,4
 תל מונד,4
 תל מונד,4
 כוכב יעקב,7
 תלם,7
 תלמים,6
 תלמים,6
 תלמים,6
 תלמים,6
 תעוז,1
 כפר תפוח,7
 כפר תפוח,7
 תקומה,6
 תקוע,7
 תקוע,7
 תקוע,7
 תקוע,7
 תקוע,7
